"Product Code","Amazon ASIN","Name","Sku Id","Selling Price","MRP","Cost Price","Quantity","Packaging Length (in cm)","Packaging Breadth (in cm)","Packaging Height (in cm)","Packaging Weight (in kg)","GST %","Image 1","Image 2","Image 3","Image 4","Image 5","Image 6","Image 7","Image 8","Image 9","Image 10","Video 1","Video 2","Product Type","Size Type","Size","Colour","Description","Return/Exchange Condition","Visibility","Size Chart","Pickup Address Code","HSN Code","Customisation Id","Associated Pixel","attr_Print /Pattern Type","attr_Style","attr_Colour Shade Name","attr_Colour Family","attr_Package Contents","attr_Fabric Type","attr_Pattern","attr_Season","attr_Country_of_Origin","attr_Ideal for","attr_Fabric","attr_Colour Code","attr_Size","attr_Colour","attr_Brand","attr_Material","attr_Ideal For","attr_Key Features","attr_Durability","attr_Country of Origin","attr_Set includes","attr_Packaging","attr_Thread Count (TC)","attr_Usage Instructions","attr_Color","attr_Pattern Type","attr_Package contents","attr_Standard Size","attr_Fabric Feel","attr_Features","attr_Additional Feature","attr_Basic Colour","attr_Product Type","attr_Features 1","attr_Features 2","attr_Theme","attr_Work Type","attr_Quantity","attr_Secondary Color","attr_Finish","attr_Design","attr_Wash Care","attr_Bedsheet Dimensions"
"AH-OTTO-BLUE-HS","","Blue Boho Handwoven Ottoman Stool with Pom-Pom Detailing","103OTTO",1449,2899,720,17,43,43,43,"17",5,"https://s3.ap-south-1.amazonaws.com/nushop-catalogue/68c015dd317e68f10e190e4c/cat_img/44unON7l_U2PBTBUHM3_2026-06-18_1.png","https://s3.ap-south-1.amazonaws.com/nushop-catalogue/68c015dd317e68f10e190e4c/cat_img/44unON7l_H89SQFOHHN_2026-06-18_2.png","https://s3.ap-south-1.amazonaws.com/nushop-catalogue/68c015dd317e68f10e190e4c/cat_img/44unON7l_OJK3METFZM_2026-06-18_3.png","","","","","","","","","","home__home_improvement__utility","size","16x16 Inches","Blue","Bring artisanal charm into your home with the Boho Handwoven Ottoman Stool. Thoughtfully crafted with intricate woven detailing, playful pom-pom accents, and elegant fringe trim, this ottoman effortlessly blends functionality with style. The soothing blue and ivory palette adds a fresh, calming touch to living rooms, bedrooms, reading corners, or cozy lounge spaces.
Supported by sturdy wooden legs and designed for everyday versatility, it serves as a comfortable footrest, extra seating option, decorative accent piece, or stylish companion to your favourite armchair. Whether your decor leans toward bohemian, coastal, Scandinavian, or modern farmhouse aesthetics, this handcrafted ottoman becomes an instant focal point that elevates any space.

Key Uses
- Comfortable footrest after a long day
- Extra seating for guests
- Accent furniture for living rooms and bedrooms
- Reading nook companion
- Decorative styling piece for cozy interiors
- Ideal for bohemian, coastal, and modern homes

What is this ottoman used for?
This ottoman can be used as an extra seat, footrest, decorative accent piece, or styling element in living rooms and bedrooms.

What style of home decor does it suit?
Its bohemian-inspired woven texture and blue chevron pattern complement boho, coastal, Scandinavian, and farmhouse interiors.

What colour is the ottoman?
The ottoman features an elegant ivory white base with sky blue woven geometric detailing.

What material look does it have?
It showcases a handcrafted woven cotton-texture appearance with decorative pom-poms and fringe accents for a premium artisan look","2",true,"","Panipat_132103_0180d","","","","Chevron Geometric Pattern with Textured Dot Weave","Bohemian | Coastal | Modern Farmhouse","Blue on Ivory Base",,,,,,,,,,,,,,,,,,,,,,,,,,,,,,,,,,,,,,,,
"MDB-BTRFLY-BLUE-SK","","Butterfly Bloom Blue Pure Cotton Bedsheet - with 2 Pillow Covers","142BS",1499,3599,750,4,38,30,4,"1.1",5,"https://s3.ap-south-1.amazonaws.com/nushop-catalogue/68c015dd317e68f10e190e4c/cat_img/QrLIV0me_A2R66PK0VZ_2026-05-21_1.png","https://s3.ap-south-1.amazonaws.com/nushop-catalogue/68c015dd317e68f10e190e4c/cat_img/QrLIV0me_2AH25NJKPS_2026-05-21_2.png","https://s3.ap-south-1.amazonaws.com/nushop-catalogue/68c015dd317e68f10e190e4c/cat_img/QrLIV0me_D5VT3GLFWS_2026-01-03_2.png","https://s3.ap-south-1.amazonaws.com/nushop-catalogue/68c015dd317e68f10e190e4c/cat_img/QrLIV0me_4C6G8HPA3F_2026-01-03_1.png","https://s3.ap-south-1.amazonaws.com/nushop-catalogue/68c015dd317e68f10e190e4c/cat_img/QrLIV0me_TCSTV6GDGF_2026-01-03_1.jpeg","https://s3.ap-south-1.amazonaws.com/nushop-catalogue/68c015dd317e68f10e190e4c/cat_img/QrLIV0me_Y1GUX6JYF8_2026-05-21_3.png","","","","","","","","size","110*110 inches","","Makeover your bedroom with this pure cotton floral bedsheet, designed with soothing blue botanical butterfly & flower prints on a soft white base.
Made from 100% breathable cotton, it offers all-day comfort while adding a fresh, modern elegance to your space. 
Perfect for everyday use and contemporary Indian homes.

Features delicate flowers, leafy vines, and butterfly-inspired motifs arranged in a graceful, modern layout.

Set Includes:
1 Bedsheet + 2 Matching Pillow Covers

Fabric:
100% Pure Cotton | Super Soft Touch | Breathable | Easy to Maintain 

Ideal For:
Daily use, summer comfort, modern & minimalist bedrooms","6",true,"","Panipat_132103_0180d","","","",,,,,,,,,,,,,,,,,,,,,,,,,,,,,,,,,,,,,,,,,,,
"TERRACOTTA-FRLK-KDB-5PC","","Terracotta Bloom Bedsheet set- with filled cushions","122BS",1790,3199,700,1,61,37,7,"3.2",5,"https://s3.ap-south-1.amazonaws.com/nushop-catalogue/68c015dd317e68f10e190e4c/cat_img/Terracotta_Bloom_Bedsheet_set__with_filled_cushions_9I9H4YXHU8_2026-06-14_1.png","https://s3.ap-south-1.amazonaws.com/nushop-catalogue/68c015dd317e68f10e190e4c/cat_img/Zi7jKjN__BNYEJIO2KV_2026-06-14_1.png","https://s3.ap-south-1.amazonaws.com/nushop-catalogue/68c015dd317e68f10e190e4c/cat_img/Terracotta_Bloom_Bedsheet_set__with_filled_cushions_M59V8TQA0V_2026-06-14_2.png","https://s3.ap-south-1.amazonaws.com/nushop-catalogue/68c015dd317e68f10e190e4c/cat_img/Terracotta_Bloom_Bedsheet_set__with_filled_cushions_VA3FMC50SP_2026-06-14_3.png","https://s3.ap-south-1.amazonaws.com/nushop-catalogue/68c015dd317e68f10e190e4c/cat_img/Terracotta_Bloom_Bedsheet_set__with_filled_cushions_FI94OF6HSV_2026-06-14_4.png","https://s3.ap-south-1.amazonaws.com/nushop-catalogue/68c015dd317e68f10e190e4c/cat_img/Terracotta_Bloom_Bedsheet_set__with_filled_cushions_4ZNGM3ND2V_2026-06-14_5.png","https://s3.ap-south-1.amazonaws.com/nushop-catalogue/68c015dd317e68f10e190e4c/cat_img/Zi7jKjN__ORO20GL2I8_2026-06-14_2.png","https://s3.ap-south-1.amazonaws.com/nushop-catalogue/68c015dd317e68f10e190e4c/cat_img/Terracotta_Bloom_Bedsheet_set__with_filled_cushions_GGKUH9AEBZ_2026-06-14_7.png","","","","","home__home_furnishing__bed_linen","size","108 x 108 inches","Rusty Peach","Wake up to the softness of a peaceful morning wrapped in delicate floral charm. The Terracotta Bloom Bedsheet Set brings together soothing tones, graceful floral motifs, and the breathable comfort of pure cotton to create a bedroom that feels warm, welcoming, and effortlessly elegant.
Inspired by blooming wildflowers scattered across a sunlit meadow, this bedsheet features intricate floral borders paired with subtle floral sprigs that add a touch of timeless beauty without overwhelming the space. The soft peach accents lend a calm and cozy feel, making it perfect for contemporary, minimal, and romantic bedroom interiors.
Whether you're refreshing your bedroom décor or creating a cozy retreat after a long day, this bedding set adds comfort, beauty, and serenity to your everyday living.

Key Features
✔ King Size Bedsheet for Comfortable Coverage
✔ Elegant Floral Border Design
✔ Lightweight & Suitable for All Seasons
✔ Durable Colourfast Printing
✔ Easy Maintenance & Machine Washable
✔ Perfect for Modern, Minimal & Romantic Interiors","2",true,"","Panipat_132103_0180d","","","","Floral Border Print with Scattered Floral Buti Motifs","Modern Floral | Cottagecore | Soft Romantic",,"Rusty Peach, Ivory Cream & Soft Beige","One King Size Bedsheet, 2 large pillow covers, and 2 filled cushions","220gsm imported cotton blend",,,,,,,,,,,,,,,,,,,,,,,,,,,,,,,,,,,,,
"DREAMYPINK-FRLK-KDB-5PC","","Dreamy Pink Floral Frill King size Bedsheet Set- with filled cushions","123BS",1790,3399,700,5,61,40,7,"2.00",5,"https://s3.ap-south-1.amazonaws.com/nushop-catalogue/68c015dd317e68f10e190e4c/cat_img/0vZdmugz_I0VADCQIXP_2026-05-08_1.jpg","https://s3.ap-south-1.amazonaws.com/nushop-catalogue/68c015dd317e68f10e190e4c/cat_img/0vZdmugz_XQ5IJ9Z95N_2026-05-08_3.jpg","https://s3.ap-south-1.amazonaws.com/nushop-catalogue/68c015dd317e68f10e190e4c/cat_img/0vZdmugz_OL450NPMST_2026-05-08_2.jpg","https://s3.ap-south-1.amazonaws.com/nushop-catalogue/68c015dd317e68f10e190e4c/cat_img/0vZdmugz_IHOFSVA0S2_2026-05-08_4.jpg","https://s3.ap-south-1.amazonaws.com/nushop-catalogue/68c015dd317e68f10e190e4c/cat_img/0vZdmugz_KOFBN6L901_2026-05-08_5.jpg","https://s3.ap-south-1.amazonaws.com/nushop-catalogue/68c015dd317e68f10e190e4c/cat_img/0vZdmugz_QR6LIRVK9F_2026-05-27_1.jpeg","","","","","","","","size","108 x 108 inches","Soft Pink","Turn your bedroom into the softest corner of your home with this blush pink floral bedding set designed for comfort lovers and aesthetic homes. The delicate floral print paired with elegant frill-detail cushions gives your space a cozy, calm, and beautifully styled look without trying too hard. Its soothing pastel tones instantly make the room feel brighter, warmer, and more inviting.
Whether you love Pinterest-inspired interiors, soft feminine decor, or simply enjoy coming back to a neat and peaceful bed after a long day, this bedding set blends beautifully into modern Indian homes. The subtle floral pattern keeps it timeless, while the ruffle cushion detailing adds that premium boutique-style charm.

This 5-piece bedding set includes 1 king size bedsheet, 2 pillow covers, and 2 matching frill cushions with fillers to give your bed a complete, thoughtfully styled look. 
Perfect for master bedrooms, guest rooms, gifting, home makeovers, and festive room refreshes.

Why You’ll Love It:
- Soft pink floral design that feels fresh and elegant
- Frill cushion detailing for aesthetic touch
- Creates a cozy, Instagram-worthy bedroom setup
- Easy to style with neutral and pastel interiors
- Ideal for modern, minimal, and feminine bedroom decor

Perfect for everyday use or special home styling moments


Note : We strive to present our products as accurately as possible; however, slight variations in colour may occur due to photography and individual screen settings.","6",true,"","Panipat_132103_0180d","","","",,"Scandinavian Inspired | Minimal Aesthetic",,,"Includes: 1 King Size Bedsheet, 2 Pillow Covers, 2 Cushions with Frill Design","220 gsm imported cotton blend","Minimal Floral Vine Print with Micro Check Frill Accents","Suitable for All Seasons",,,,,,,,,,,,,,,,,,,,,,,,,,,,,,,,,,,
"BLUSHBLOOM-FRLK-KDB-5PC","","Blush Bloom Floral King size Bedsheet Set- with 2 cushions","125BS",1790,3999,700,15,61,37,7,"3.2",5,"https://s3.ap-south-1.amazonaws.com/nushop-catalogue/68c015dd317e68f10e190e4c/cat_img/GIFZEwWE_31GE9GXU48_2026-07-18_1.png","https://s3.ap-south-1.amazonaws.com/nushop-catalogue/68c015dd317e68f10e190e4c/cat_img/GIFZEwWE_LCK79DCBX4_2026-07-14_1.png","https://s3.ap-south-1.amazonaws.com/nushop-catalogue/68c015dd317e68f10e190e4c/cat_img/GIFZEwWE_15H7ZR1FPC_2026-07-14_2.png","https://s3.ap-south-1.amazonaws.com/nushop-catalogue/68c015dd317e68f10e190e4c/cat_img/GIFZEwWE_15P25LP410_2026-07-14_3.png","https://s3.ap-south-1.amazonaws.com/nushop-catalogue/68c015dd317e68f10e190e4c/cat_img/GIFZEwWE_VT7EAG9PCE_2026-07-14_4.png","https://s3.ap-south-1.amazonaws.com/nushop-catalogue/68c015dd317e68f10e190e4c/cat_img/GIFZEwWE_KW6Z5X6JJ1_2026-07-14_5.png","https://s3.ap-south-1.amazonaws.com/nushop-catalogue/68c015dd317e68f10e190e4c/cat_img/GIFZEwWE_OPUDK1VR4U_2026-07-21_1.png","","","","","","home__home_furnishing__bed_linen","size","108 x 108 inches","Blush Pink","Wake up to a bedroom that feels effortlessly elegant.

Inspired by blooming English gardens, the Blush Bloom Frill Bedsheet Set brings together soft blush tones, delicate floral bouquets, and beautifully crafted frill detailing for a timeless, romantic aesthetic. Every detail has been thoughtfully designed to make your bed the center piece of your room.
The graceful floral stripes create a refined look while the matching frilled pillow covers and decorative filled cushions add depth, texture, and a boutique hotel feel. Whether you're styling your master bedroom or refreshing your home for the season, this bedding set instantly transforms your space into a warm, inviting retreat.
Made for everyday comfort and lasting beauty, it's perfect for those who appreciate elegant interiors with a touch of vintage charm.

Why You'll Love It:-
- Elegant Vintage Floral Design
- Soft Blush Pink Colour Palette
- Beautiful Frill Border Detailing
- Two Matching Large Pillow Covers with Frills
- Two Filled Decorative Cushions with Frills
- Breathable & Comfortable Fabric
- Ideal for Modern, Classic & Cottage Style Bedrooms


- Is this a complete bedding set?
Yes. The set includes 1 king size bedsheet, 2 large frill pillow covers, and 2 filled decorative cushions, making it a complete 5-piece bedding set.

- Does the set include cushion fillers?
Yes, both decorative cushions come pre-filled and are ready to use.

- What bedroom styles does this bedding suit?
Its elegant blush pink floral design pairs beautifully with modern minimalist, contemporary, cottagecore, vintage, and luxury-inspired interiors.

- Is the floral print on both the bedsheet and accessories?
Yes. The bedsheet features coordinated floral stripes and bouquet motifs, while the pillow covers and cushions include matching floral frill borders for a cohesive designer look.

- Is this suitable for gifting?
Absolutely. The elegant design and coordinated accessories make it an excellent choice for weddings, anniversaries, housewarmings, festive gifting, and special occasions.","2",true,"","Panipat_132103_0180d","","","","Vintage Floral","Romantic • Cottagecore • Vintage Luxury",,"Blush Pink, Soft White","1 King Size Bedsheet, 2 Large Pillow Covers with Frill Borders, 2 Filled Cushions with Frill Borders","220 gsm cotton blend",,,,,,,,,,,,,,,,,,,,,,,,,,,,,,,,,,,,,
"AH-BLUEHEART-CS-QDB","","Midnight Hearts Reversible Comforter Set","102CS",2299,3999,1040,5,63,50,11,"4.5",5,"https://s3.ap-south-1.amazonaws.com/nushop-catalogue/68c015dd317e68f10e190e4c/cat_img/Midnight_Hearts_Reversible_Comforter_Set_GKUNDDM6M7_2026-05-28_2.png","https://s3.ap-south-1.amazonaws.com/nushop-catalogue/68c015dd317e68f10e190e4c/cat_img/Midnight_Hearts_Reversible_Comforter_Set_LM5UMGJG6W_2026-05-28_3.png","https://s3.ap-south-1.amazonaws.com/nushop-catalogue/68c015dd317e68f10e190e4c/cat_img/Midnight_Hearts_Reversible_Comforter_Set_AA6BI52BDY_2026-05-28_1.png","https://s3.ap-south-1.amazonaws.com/nushop-catalogue/68c015dd317e68f10e190e4c/cat_img/Midnight_Hearts_Reversible_Comforter_Set_TE1FRL2M7A_2026-05-28_4.png","https://s3.ap-south-1.amazonaws.com/nushop-catalogue/68c015dd317e68f10e190e4c/cat_img/Midnight_Hearts_Reversible_Comforter_Set_8UR0TI5QFL_2026-05-28_5.png","https://s3.ap-south-1.amazonaws.com/nushop-catalogue/68c015dd317e68f10e190e4c/cat_img/Midnight_Hearts_Reversible_Comforter_Set_C13CF6159B_2026-05-28_6.png","","","","","","","","size","90 x 100 Inches","","Add a playful charm to your bedroom with the Aaram Homes Midnight Hearts Reversible Comforter Set.
Designed in a rich midnight navy base with vibrant multicolour heart motifs, this bedding set instantly brightens your space while maintaining a modern elegant aesthetic.
Crafted for everyday comfort and stylish interiors, the soft-touch fabric feels cozy and breathable, making it ideal for AC rooms and all-season use.

The reversible comforter offers two stylish looks in one, while the coordinated bedsheet and pillow covers create a complete designer bedroom setup.
Perfect for modern homes, gifting, newlywed bedrooms, guest rooms, and cozy aesthetic interiors.

Package Contents:
- 1 Reversible AC Comforter
- 1 Double Bedsheet
- 2 Pillow Covers","6",true,"","Panipat_132103_0180d","","","","Abstract Heart Print","Cozy Aesthetic Bedding",,"Midnight Navy Blue | Multicolour Heart Print (Pink, Coral, Teal & Blue)","1 Reversible AC Comforter, 1 Double Bedsheet, 2 Pillow Covers",,,,,,,,,,,,,,,,,,,,,,,,,,,,,,,,,,,,,,
"COASTAL-BLUE-CS-QDB-4PC","","Coastal Blue Dreams Reversible Bedding Set- with Comforter","103CS",2499,2999,900,4,59,45,11,"3.8",5,"https://s3.ap-south-1.amazonaws.com/nushop-catalogue/68c015dd317e68f10e190e4c/cat_img/Coastal_Blue_Dreams_Reversible_Bedding_Set__with_Comforter_TYFCX68SZZ_2026-08-22_1.png","https://s3.ap-south-1.amazonaws.com/nushop-catalogue/68c015dd317e68f10e190e4c/cat_img/Coastal_Blue_Dreams_Reversible_Bedding_Set__with_Comforter_8DL60GH0SB_2026-08-22_2.png","https://s3.ap-south-1.amazonaws.com/nushop-catalogue/68c015dd317e68f10e190e4c/cat_img/Coastal_Blue_Dreams_Reversible_Bedding_Set__with_Comforter_K6OGZ7AYIZ_2026-08-22_3.png","https://s3.ap-south-1.amazonaws.com/nushop-catalogue/68c015dd317e68f10e190e4c/cat_img/Coastal_Blue_Dreams_Reversible_Bedding_Set__with_Comforter_02IWN8RYPI_2026-08-22_4.png","https://s3.ap-south-1.amazonaws.com/nushop-catalogue/68c015dd317e68f10e190e4c/cat_img/Coastal_Blue_Dreams_Reversible_Bedding_Set__with_Comforter_MJP6VAUYCV_2026-08-22_5.png","https://s3.ap-south-1.amazonaws.com/nushop-catalogue/68c015dd317e68f10e190e4c/cat_img/Coastal_Blue_Dreams_Reversible_Bedding_Set__with_Comforter_74S0CCEBYI_2026-08-22_6.png","","","","","","","","size","90 x 100 Inches","Ocean Blue","A story of calm mornings, coastal breezes, and peaceful nights.

Imagine waking up to the softness of a quiet seaside morning — where gentle waves meet endless skies, sunlight filters through your windows, and every corner of your room feels peaceful.

Inspired by the calming beauty of the coast, the Coastal Blue Dreams Reversible Bedding Set brings together soothing shades of ocean blue, aqua, ivory, and sand beige in an artistic patchwork design. Each panel tells a story of the sea — delicate starfish, coral reefs, shells, flowing waves, and natural textures woven together to create a bedding experience that feels serene and timeless.
The plush quilted comforter wraps you in cloud-like softness, adding warmth and comfort while creating a luxurious layered look for your bedroom.
Flip it over to discover a classic beige gingham check design — a simple, elegant pattern that lets you style your space differently whenever you desire.

Paired with a matching bedsheet and coordinated pillow covers, this complete bedding set transforms your bedroom into a cosy retreat.
Because your home should not just look beautiful… it should feel like a peaceful escape.


Reasons You Will Love It:
- Two Looks in One Bedding Set
- Timeless Coastal Design
- Cloud-Like Fluffy Comfort
- Artistic Patchwork Design
- Bed-in-a-Bag: 4 piece Bedding Set
- Modern Minimalist Style","2",true,"","Panipat_132103_0180d","","","","Front Pattern: Patchwork Geometric Coastal Print; Reverse Pattern: Classic Beige & Ivory Gingham Checks","Coastal Bedroom Decor | Modern Minimalist Bedding",,"Ocean Blue, Ivory White, Sand Beige","1 Double, Bedsheet, 2 Pillow Covers and 1 Reversible Quilted Comforter","160 gsm cotton blend",,,"India",,,,,,,,,,,,,,,,,,,,,,,,,,,,,,,,,,
"OLIVE-GGNM-CHECK-CS-4PC","","Olive Beige Gingham Comforter Set","104CS",2499,3299,900,9,60,45,11,"3.8",5,"https://s3.ap-south-1.amazonaws.com/nushop-catalogue/68c015dd317e68f10e190e4c/cat_img/Olive_Beige_Gingham_Comforter_Set_EYKMFP6N69_2026-08-25_1.png","https://s3.ap-south-1.amazonaws.com/nushop-catalogue/68c015dd317e68f10e190e4c/cat_img/Olive_Beige_Gingham_Comforter_Set_55I8Q9QYIN_2026-08-25_2.png","https://s3.ap-south-1.amazonaws.com/nushop-catalogue/68c015dd317e68f10e190e4c/cat_img/Olive_Beige_Gingham_Comforter_Set_GYFQIJ85PV_2026-08-25_3.png","https://s3.ap-south-1.amazonaws.com/nushop-catalogue/68c015dd317e68f10e190e4c/cat_img/Olive_Beige_Gingham_Comforter_Set_LB23DEKYNY_2026-08-25_4.png","https://s3.ap-south-1.amazonaws.com/nushop-catalogue/68c015dd317e68f10e190e4c/cat_img/Olive_Beige_Gingham_Comforter_Set_HIRQ5JV29U_2026-08-25_5.png","","","","","","","","","size","90 x 100 Inches","Olive","Bring a warm, timeless look to your bedroom with this olive beige gingham checkered comforter set. 
Featuring a neat small-check pattern in soft beige and white, this bedding set creates a cozy yet sophisticated aesthetic that works beautifully with modern, and contemporary interiors. The coordinated gingham pillow covers complete the look for an effortlessly styled bed.

The classic gingham-inspired check pattern gives the comforter a refined yet relaxed appearance, making it suitable for both everyday use and beautifully styled bedrooms. The coordinated pillow covers continue the same pattern, creating a cohesive and polished look across the bed. The versatile neutral palette makes this beige comforter set easy to pair with solid-coloured cushions, throws and decorative pillows.
With its balanced pattern, understated colours and effortlessly stylish appearance, this gingham comforter set is an easy way to refresh your bedroom and create a comfortable, inviting space.


Reasons You'll Love It:
- Classic gingham checks for a timeless bedroom look
- Elegant, versatile styling suited to modern and contemporary bedrooms
- Coordinated pillow covers create a polished, put-together bed
- Visually balanced small-check pattern adds character without overwhelming the room
- Perfect for creating a warm, cozy and inviting bedroom aesthetic","2",true,"","Panipat_132103_0180d","","","","Small Gingham Check","Modern • Scandinavian • Cozy Minimalist",,"Olive Beige & IVory","1 Double bedsheet, 2 pillow covers, 1 double bed comforter","160 gsm super soft cotton blend",,,,,,,,,,,,,,,,,,,,,,,,,,,,,,,,,,,,,
"YELLOW-FLORAL-GGNM-CS-4PC","","Yellow Floral Gingham Reversible Comforter Set","105CS",2499,3299,900,10,60,45,11,"3.8",5,"https://s3.ap-south-1.amazonaws.com/nushop-catalogue/68c015dd317e68f10e190e4c/cat_img/Yellow_Floral_Gingham_Reversible_Comforter_Set_1A8DTHMTEB_2026-08-26_1.png","","","","","","","","","","","","","size","90 x 100 Inches","Yellow, White","Brighten your bedroom with this elegant yellow floral gingham reversible comforter set, featuring a cheerful yellow-and-white checkered pattern decorated with delicate white daisies and green foliage. The reverse side showcases a sophisticated beige and white herringbone pattern, giving you two versatile looks in one comforter. Designed for a modern, cozy bedroom, it pairs beautifully with neutral decor and natural wood furnishings.

Reasons You'll Love It:
- 2-in-1 reversible design – switch between a cheerful floral gingham look and an elegant beige herringbone pattern.
- Fresh floral appeal – delicate daisy motifs add a bright, inviting touch without overwhelming the room.
- Versatile yellow palette – soft yellow and white work beautifully with neutral, wooden and earthy interiors.
- Modern yet timeless – combines classic gingham checks with contemporary floral detailing.
- Mix-and-match friendly – the neutral reverse side pairs easily with solid-colour sheets and cushions.

What is this comforter set? 
It is a yellow floral gingham reversible comforter set featuring a yellow-and-white checked floral design on one side and a beige-and-white herringbone pattern on the reverse, offering two stylish bedroom looks in one set.","2",true,"","Panipat_132103_0180d","","","","Yellow & white gingham checks with floral daisy prints","Modern, Minimalist, Cottage-Inspired, Fresh & Cheerful",,"Yellow, White, Beige","1 double bedsheet, 2 pillow covers, 1 reversible double bed comforter","160 gsm super soft cotton blend",,,,"Modern bedrooms, guest rooms, master bedrooms and seasonal bedroom makeovers",,,,,,,,,,,,,,,,,,,,,,,,,,,,,,,,,
"BROWN-CIN-FRLK-KDB-5PC","","Brown Cinnamon Stripes Bedsheet set - with beautiful Frills","121BS",1790,2799,700,9,61,37,7,"3.2",5,"https://s3.ap-south-1.amazonaws.com/nushop-catalogue/68c015dd317e68f10e190e4c/cat_img/Brown_Cinnamon_IG22ALU7TE_2026-06-13_1.PNG","https://s3.ap-south-1.amazonaws.com/nushop-catalogue/68c015dd317e68f10e190e4c/cat_img/Brown_Cinnamon_0BHHU6D13O_2026-06-13_2.png","https://s3.ap-south-1.amazonaws.com/nushop-catalogue/68c015dd317e68f10e190e4c/cat_img/Brown_Cinnamon_BGCHTHQ3CG_2026-06-13_3.png","https://s3.ap-south-1.amazonaws.com/nushop-catalogue/68c015dd317e68f10e190e4c/cat_img/Brown_Cinnamon_O7B1FYI0BA_2026-06-13_4.png","https://s3.ap-south-1.amazonaws.com/nushop-catalogue/68c015dd317e68f10e190e4c/cat_img/Brown_Cinnamon_UTNLFAB7QW_2026-06-13_5.png","","","","","","","","home__home_furnishing__bed_linen","size","108 x 108 inches","Cinnamon Brown","Inspired by the soothing charm of earthy landscapes and cozy modern interiors, the Cinnamon Brown 5 piece Bedsheet Set brings together timeless stripes, subtle geometric detailing, and warm neutral hues to create a bedroom that feels calm, welcoming, and effortlessly elegant.
Crafted from soft and durable fabric, this king-size bedsheet is soft against the skin, breathable through every season, and designed for everyday comfort. 
The harmonious blend of beige, ivory, taupe, and soft brown tones creates a serene backdrop for restful mornings and peaceful nights.

Paired with beautifully coordinated pillow covers and 2 filled cushions featuring delicate star-inspired motifs, this bedding set transforms your bed into a stylish retreat while maintaining the simplicity and comfort that every home deserves.
Whether you're refreshing your master bedroom or creating a cozy guest room, Cinnamon brown adds warmth, sophistication, and a touch of understated luxury to your space.


Why You'll Love it:
✓ Soft, Breathable & Skin-Friendly
✓ King Size Bedsheet with 2 Matching Pillow Covers and 2 Filled cushions
✓ Elegant Stripe & Geometric Print Design
✓ All-Season Comfort
✓ Durable Colorfast Printing
✓ Smooth Finish for Everyday Use","2",true,"","Panipat_132103_0180d","","","","Contemporary Stripe & Geometric Fusion Pattern","Modern Rustic | Earth-Tone Luxury",,"Warm Earthy Neutrals","1 King Size Bedsheet, 2 Large Pillow Covers and 2 Filled square cushions","220 gsm Imported Cotton Blend",,,,"Master Bedroom, Guest Room, Modern Homes",,,,,,,,,,,,,,,,,,,,,,,,,,,,,,,,,
"BLUEGARDEN-FRLK-KDB-5PC","","Blue Garden Frills Bedsheet set- with 2 Filled Cushions","124BS",1790,3199,700,5,61,37,7,"3.2",5,"https://s3.ap-south-1.amazonaws.com/nushop-catalogue/68c015dd317e68f10e190e4c/cat_img/Blue_Garden_Frills_Bedsheet_set__with_2_Filled_Cushions_Y1M7Z807GE_2026-06-14_4.jpg","https://s3.ap-south-1.amazonaws.com/nushop-catalogue/68c015dd317e68f10e190e4c/cat_img/Blue_Garden_Frills_Bedsheet_set__with_2_Filled_Cushions_2ETQ1Z9W1R_2026-06-14_2.jpg","https://s3.ap-south-1.amazonaws.com/nushop-catalogue/68c015dd317e68f10e190e4c/cat_img/Blue_Garden_Frills_Bedsheet_set__with_2_Filled_Cushions_0OT6AY9FRK_2026-06-14_3.jpg","https://s3.ap-south-1.amazonaws.com/nushop-catalogue/68c015dd317e68f10e190e4c/cat_img/Blue_Garden_Frills_Bedsheet_set__with_2_Filled_Cushions_W14VZ0PSNX_2026-06-14_5.jpg","https://s3.ap-south-1.amazonaws.com/nushop-catalogue/68c015dd317e68f10e190e4c/cat_img/Blue_Garden_Frills_Bedsheet_set__with_2_Filled_Cushions_Q9XYWZS6T9_2026-06-14_1.jpg","https://s3.ap-south-1.amazonaws.com/nushop-catalogue/68c015dd317e68f10e190e4c/cat_img/Blue_Garden_Frills_Bedsheet_set__with_2_Filled_Cushions_2YEK5Z89AI_2026-06-14_6.jpg","","","","","","","home__home_furnishing__bed_linen","size","108 x 108 inches","Sky Blue","Bring the calmness of a blooming spring meadow into your bedroom with the Blue Garden Bedsheet Set. Designed in soothing pastel blue with delicate wildflower motifs, this bedding set creates a light, airy, and comforting atmosphere that instantly refreshes your space.
The graceful floral print feels like a gentle morning walk through a garden filled with soft blossoms and fresh greenery. Complementing the bedsheet are beautifully coordinated striped pillow covers and decorative frill cushions, adding a charming cottage-inspired touch to your bedroom décor.
This set offers comfort throughout the year, keeping you cool during warm nights and cozy during cooler seasons.
 Whether you're styling your master bedroom, guest room, or creating a serene retreat for yourself, Meadow Whisper brings elegance, softness, and timeless beauty to every corner of your home.

Why You'll Love It:-
- King Size Bedsheet for Spacious Coverage
- Elegant Floral Botanical Print
- Coordinated Frill Pillow Covers
- Decorative Filled Cushions with Frill Borders
- Fade-Resistant Print with Long-Lasting Freshness
- Perfect for Modern, Cottagecore & Romantic Interiors","2",true,"","Panipat_132103_0180d","","","","Botanical Floral Pattern with Wildflower Garden Print","Romantic Floral • Soft Luxury • Modern Farmhouse",,"Pastel Blue, Mint Blue, Blush Pink, Light Green & Soft Lavender","1 king size bedsheet, 2 large  pillow covers with frills, and 2 filled cushions with frills","220gm imported cotton blend",,,,,,,,,,,,,,,,,,,,,,,,,,,,,,,,,,,,,
"PASTEL-GARDEN-FRLK-5PC","","Pastel Garden Patchwork Frills Bedsheet Set- with 2 Cushions","126BS",1790,2599,700,2,61,40,7,"2.5",5,"https://s3.ap-south-1.amazonaws.com/nushop-catalogue/68c015dd317e68f10e190e4c/cat_img/Pastel_Garden_Patchwork_Frilsl_Bedsheet_Set___with_2_Cushions_FZENXCQXMP_2026-08-18_3.png","https://s3.ap-south-1.amazonaws.com/nushop-catalogue/68c015dd317e68f10e190e4c/cat_img/Pastel_Garden_Patchwork_Frilsl_Bedsheet_Set___with_2_Cushions_ZNZ684FC37_2026-08-18_1.png","https://s3.ap-south-1.amazonaws.com/nushop-catalogue/68c015dd317e68f10e190e4c/cat_img/Pastel_Garden_Patchwork_Frilsl_Bedsheet_Set___with_2_Cushions_T8G2N3NTEW_2026-08-18_2.png","https://s3.ap-south-1.amazonaws.com/nushop-catalogue/68c015dd317e68f10e190e4c/cat_img/Pastel_Garden_Patchwork_Frilsl_Bedsheet_Set___with_2_Cushions_HC4CLL113V_2026-08-18_4.png","https://s3.ap-south-1.amazonaws.com/nushop-catalogue/68c015dd317e68f10e190e4c/cat_img/Pastel_Garden_Patchwork_Frilsl_Bedsheet_Set___with_2_Cushions_HO1G8D9CQS_2026-08-18_5.png","https://s3.ap-south-1.amazonaws.com/nushop-catalogue/68c015dd317e68f10e190e4c/cat_img/Pastel_Garden_Patchwork_Frilsl_Bedsheet_Set___with_2_Cushions_M61FNVFVYY_2026-08-18_6.png","","","","","","","home__home_furnishing__bed_linen","size","108 x 108 inches","Multi colour","Transform your bedroom into a soft, dreamy retreat with the Aaram Homes Pastel  GardenPatchwork Frills Bedsheet Set. Designed with a charming mix of pastel blocks, delicate floral bouquets, and elegant ruffle detailing, this bedding set adds a cosy yet sophisticated touch to modern bedrooms.
The beautiful patchwork pattern combines soothing shades of blush pink, powder blue, sage green, ivory, and warm yellow, creating a timeless aesthetic that complements contemporary, minimal, and cottage-style interiors.
This complete bedding set comes with a matching bedsheet, pillow covers, and 2 decorative frill cushions free, making it a perfect choice for refreshing your bedroom décor or gifting loved ones.
Crafted for comfort and everyday luxury, this bedsheet set brings together beautiful design, soft textures, and effortless elegance for a peaceful sleep experience.

Key Features:
✓ Beautiful frill detailing on pillow covers & cushions
✓ Includes 2 decorative cushions at no extra cost
✓ Breathable and comfortable for everyday use
✓ Perfect for modern, minimal & aesthetic bedrooms
✓ Ideal for gifting during festivals, housewarmings, and special occasions","2",true,"","Panipat_132103_0180d","","","","Patchwork Floral Pattern","Modern Minimal | Pastel Aesthetic",,"Blush Pink, Powder Blue, Sage Green, Ivory White, Soft Yellow","1 Double Bed King size Bedsheet, 2 Pillow Covers with Frill Detailing, 2 Cushions with Matching Frill Border","220 gsm cotton blend",,,,,,,,,,,,,,,,,,,,,,,,,,,,,,,,,,,,,
"GOLDENSUN-GGNM-FRLK-KDB-5PC","","Golden Sunshine Mustard Floral Frills Bedsheet Set - with 2 Cushions","127BS",1790,2599,710,10,61,37,7,"3.1",5,"https://s3.ap-south-1.amazonaws.com/nushop-catalogue/68c015dd317e68f10e190e4c/cat_img/Golden_Sunshine_Mustard_Floral_Frills_Bedsheet_Set___with_2_Cushions_QU5DGHOOC5_2026-09-02_1.png","https://s3.ap-south-1.amazonaws.com/nushop-catalogue/68c015dd317e68f10e190e4c/cat_img/Golden_Sunshine_Mustard_Floral_Frills_Bedsheet_Set___with_2_Cushions_I5BSY99U05_2026-09-02_2.png","https://s3.ap-south-1.amazonaws.com/nushop-catalogue/68c015dd317e68f10e190e4c/cat_img/Golden_Sunshine_Mustard_Floral_Frills_Bedsheet_Set___with_2_Cushions_4QI5CH2SLC_2026-09-02_3.png","https://s3.ap-south-1.amazonaws.com/nushop-catalogue/68c015dd317e68f10e190e4c/cat_img/Golden_Sunshine_Mustard_Floral_Frills_Bedsheet_Set___with_2_Cushions_VXY35FASP0_2026-09-02_4.png","https://s3.ap-south-1.amazonaws.com/nushop-catalogue/68c015dd317e68f10e190e4c/cat_img/Golden_Sunshine_Mustard_Floral_Frills_Bedsheet_Set___with_2_Cushions_SZ9B3AJSCW_2026-09-02_5.png","https://s3.ap-south-1.amazonaws.com/nushop-catalogue/68c015dd317e68f10e190e4c/cat_img/Golden_Sunshine_Mustard_Floral_Frills_Bedsheet_Set___with_2_Cushions_76LW9OLK1V_2026-09-02_6.png","","","","","","","home__home_furnishing__bed_linen","size","108 x 108 inches","Soft Yellow, Mustard Yellow","☀️ Bring a Little Golden Sunshine Home
There is something comforting about the gentle warmth of morning sunlight—the way it brightens a room without overwhelming it.
Golden Sunshine captures that feeling in a bedsheet.
A soft white base is scattered with cheerful mustard-yellow flowers, delicate deep-green botanical accents and tiny heart motifs. The look is beautifully complemented by yellow-and-white gingham cushions and pillow covers, finished with charming frilled borders.
Layer the cushions over the pillows, smooth the sheet across your bed, and watch your bedroom transform into a warm, happy little corner of home.
Not too bold.
Not too plain.
Just the right amount of sunshine, flowers and softness.
Golden Sunshine is made for bedrooms that feel warm, welcoming and effortlessly beautiful.


Why You'll Love It:-
☀️ Inspired by Golden Sunshine
A warm mustard-and-white palette brings a cheerful, sunny feeling to your bedroom.
🌼 Charming Floral Design
The scattered mustard flowers are complemented by delicate green botanical motifs and tiny hearts for a playful yet sophisticated look.
🎀 Beautiful Frilled Borders
Both the large pillow covers and filled cushions feature frilled borders, adding softness and character to the complete set.
💛 Coordinated Gingham Cushions
The yellow-and-white gingham design of the cushions and pillow covers creates a beautiful contrast with the floral bedsheet.
🛏️ Complete 5-Piece Set
Everything you need to create a coordinated, styled bed is included in one set.
🌿 Easy to Style
The soft white base pairs beautifully with wooden furniture, beige, cream, sage green, olive, mustard and neutral interiors.



- What is the Golden Sunshine bedsheet set?
Golden Sunshine is a 5-piece king size bedsheet set by Aaram Homes featuring a mustard-yellow floral bedsheet, two large frilled pillow covers and two filled frilled cushions.

- What colour is the Golden Sunshine bedsheet?
The bedsheet has a soft white base with mustard-yellow flowers, deep-green botanical accents and brown flower centres.

- Does Golden Sunshine include cushions?
Yes. The set includes two filled decorative cushions with frilled borders.

- Does Golden Sunshine include pillow covers?
Yes. It includes two large pillow covers with frilled borders.

- How many pieces are included in Golden Sunshine?
Golden Sunshine is a 5-piece set containing 1 king size bedsheet, 2 large pillow covers and 2 filled cushions.

- What pattern does the Golden Sunshine bedsheet have?
The bedsheet features a scattered mustard floral pattern with small green botanical motifs. The coordinating pillow covers and cushions feature a yellow-and-white gingham pattern with frilled borders.","2",true,"","Panipat_132103_0180d",6304,"","",,"Modern Floral | Soft Botanical | Cheerful",,"Soft Yellow | Mustard Yellow","1 King Size Bedsheet, 2 Cushions with fillers and cushions, 2 Pillow Covers",,"Floral Botanical + Gingham",,,,"220gsm cotton blend",,,,,,,,,,,,,,,,,,,,,,,,,,,,,,,,
"GULAB-GGNM-FRLK-KDB-5PC","","Gulab Gingham Frills Bedsheet set - with 2 Cushions","144BS",1790,2299,710,10,61,37,7,"2.8",5,"https://s3.ap-south-1.amazonaws.com/nushop-catalogue/68c015dd317e68f10e190e4c/cat_img/Gulab_Gingham_Frills_Bedsheet_set___with_2_Cushions_Y5RVNE0GH5_2026-09-02_2.jpg","https://s3.ap-south-1.amazonaws.com/nushop-catalogue/68c015dd317e68f10e190e4c/cat_img/Gulab_Gingham_Frills_Bedsheet_set___with_2_Cushions_329JPQS84J_2026-09-02_1.jpg","https://s3.ap-south-1.amazonaws.com/nushop-catalogue/68c015dd317e68f10e190e4c/cat_img/Gulab_Gingham_Frills_Bedsheet_set___with_2_Cushions_WRDKE8UGG3_2026-09-02_3.PNG","https://s3.ap-south-1.amazonaws.com/nushop-catalogue/68c015dd317e68f10e190e4c/cat_img/Gulab_Gingham_Frills_Bedsheet_set___with_2_Cushions_J9YZD350BV_2026-09-02_4.jpg","https://s3.ap-south-1.amazonaws.com/nushop-catalogue/68c015dd317e68f10e190e4c/cat_img/Gulab_Gingham_Frills_Bedsheet_set___with_2_Cushions_CAH4IU9FT1_2026-09-02_5.PNG","https://s3.ap-south-1.amazonaws.com/nushop-catalogue/68c015dd317e68f10e190e4c/cat_img/Gulab_Gingham_Frills_Bedsheet_set___with_2_Cushions_9K25XDHRBC_2026-09-02_6.jpg","https://s3.ap-south-1.amazonaws.com/nushop-catalogue/68c015dd317e68f10e190e4c/cat_img/Gulab_Gingham_Frills_Bedsheet_set___with_2_Cushions_X5WJD0ONEB_2026-09-02_7.jpg","","","","","","","size","108 x 108 inches","Ivory & Red","Gulab Gingham – A Soft Bloom of Everyday Comfort
Some bedrooms don't need bold colours to make an impression. They simply need a little softness.
Gulab Gingham brings together delicate floral blooms, a warm ivory base and charming red gingham accents to create a bedroom that feels light, romantic and wonderfully inviting. The tiny floral motifs scattered across the bedsheet give it the charm of a hand-picked garden, while the red checked cushions add a playful country-inspired touch.
The ruffled floral cushion borders bring an extra layer of sweetness, creating that relaxed, nostalgic feeling of a beautiful home where comfort comes first.
It is the kind of bedsheet that makes a room feel instantly more welcoming — fresh in the morning, cozy in the evening and effortlessly pretty every day.

A little floral. A little gingham. A lot of Aaram.

Why You'll Love It:
🌸 Delicate Floral Charm
🎀 Pretty Gingham Accents
🤍 Soft Ivory Base
🌷 Romantic & Nostalgic
🛏️ Instant Bedroom Refresh




- What is the Gulab Gingham bedsheet?
Gulab Gingham is a romantic floral bedsheet set featuring delicate red floral motifs on an ivory-white base, complemented by red gingham cushions (with fillers) and pillow covers.

- What colour is the Gulab Gingham bedsheet?
The bedsheet features an ivory-white base with soft red rose floral accents.

- What style is the Gulab Gingham bedsheet?
It has a romantic cottagecore style with vintage-inspired floral detailing and pink gingham accents.

- Is this a good bedsheet for a soft, elegant bedroom?
Yes. Its ivory and soft red palette and delicate floral pattern create a calm, romantic and elegant bedroom look.

- What type of pattern does this bedsheet have?
The bedsheet has a small scattered floral pattern, while the coordinating cushions feature red gingham checks and floral ruffled borders.","2",true,"","Panipat_132103_0180d",6304,"","",,"Classic floral | English garden | Vintage-inspired",,"Ivory & Soft Red","1 King size bedsheet, 2 pillow covers, 2 cushions with fillers",,"Small Scattered Floral Pattern & Red Gingham Checks",,,,"220gsm cotton blend",,,,,,,,,,,,,,,,,,,,,,,,,,,,,,,,
"AH-OTTO-PINK-HS","","Pink Boho Handwoven Ottoman Stool with Pom-Pom Detailing","102OTTO",1699,2899,720,5,45,30,12,"2.8",5,"https://s3.ap-south-1.amazonaws.com/nushop-catalogue/68c015dd317e68f10e190e4c/cat_img/3kn2mU8T_NXCRM0K05S_2026-06-18_1.png","https://s3.ap-south-1.amazonaws.com/nushop-catalogue/68c015dd317e68f10e190e4c/cat_img/3kn2mU8T_4ZTKPI8UJ1_2026-06-18_2.png","https://s3.ap-south-1.amazonaws.com/nushop-catalogue/68c015dd317e68f10e190e4c/cat_img/3kn2mU8T_N3D64GJQE0_2026-06-18_3.png","","","","","","","","","","home__home_improvement__utility","size","16x16 Inches","Blush Pink","Bring artisanal charm into your home with the Boho Handwoven Ottoman Stool. Thoughtfully crafted with intricate woven detailing, playful pom-pom accents, and elegant fringe trim, this ottoman effortlessly blends functionality with style. The Blush pink and ivory palette adds a fresh, calming touch to living rooms, bedrooms, reading corners, or cozy lounge spaces.
Supported by sturdy wooden legs and designed for everyday versatility, it serves as a comfortable footrest, extra seating option, decorative accent piece, or stylish companion to your favourite armchair. Whether your decor leans toward bohemian, coastal, Scandinavian, or modern farmhouse aesthetics, this handcrafted ottoman becomes an instant focal point that elevates any space.

Key Uses:-
- Comfortable footrest after a long day
- Extra seating for guests
- Accent furniture for living rooms and bedrooms
- Reading nook companion
- Decorative styling piece for cozy interiors
- Ideal for bohemian, coastal, and modern homes

What is this ottoman used for?
This ottoman can be used as a extra seat, footrest, decorative accent piece, or styling element in living rooms and bedrooms.

What style of home decor does it suit?
Its bohemian-inspired woven texture and pink chevron pattern complement boho, coastal, Scandinavian, and farmhouse interiors.

What colour is the ottoman?
The ottoman features an elegant ivory white base with Blush Pink woven geometric detailing.

What material look does it have?
It showcases a handcrafted woven cotton-texture appearance with decorative pom-poms and fringe accents for a premium artisan look","2",true,"","Panipat_132103_0180d","","","","Chevron Geometric Pattern with Textured Dot Weave","Bohemian | Coastal | Modern Farmhouse","Blush Pink",,,,,,"India",,,,,,,,,,,,,,,,,,,,,,,,,,,,,,,,,,
"OTTO-YELLOW-HS","","Yellow Boho Handwoven Ottoman Stool with Pom-Pom Detailing","101OTTO",1599,2899,720,8,38,38,38,"11",5,"https://s3.ap-south-1.amazonaws.com/nushop-catalogue/68c015dd317e68f10e190e4c/cat_img/MD2YItwG_KOA9V9AOGI_2026-06-18_1.png","https://s3.ap-south-1.amazonaws.com/nushop-catalogue/68c015dd317e68f10e190e4c/cat_img/MD2YItwG_SHJ9W9AQ0A_2026-06-18_2.png","https://s3.ap-south-1.amazonaws.com/nushop-catalogue/68c015dd317e68f10e190e4c/cat_img/MD2YItwG_G52OGIT7WM_2026-06-18_3.png","","","","","","","","","","home__home_improvement__utility","size","16x16 inches","Yellow","Bring artisanal charm into your home with the Boho Handwoven Ottoman Stool. Thoughtfully crafted with intricate woven detailing, playful pom-pom accents, and elegant fringe trim, this ottoman effortlessly blends functionality with style. The soothing yellow and ivory palette adds a fresh, calming touch to living rooms, bedrooms, reading corners, or cozy lounge spaces.
Supported by sturdy wooden legs and designed for everyday versatility, it serves as a comfortable footrest, extra seating option, decorative accent piece, or stylish companion to your favourite armchair. 

Whether your decor leans toward bohemian, coastal, Scandinavian, or modern farmhouse aesthetics, this handcrafted ottoman becomes an instant focal point that elevates any space.

Key Uses
- Comfortable footrest after a long day
- Extra seating for guests
- Accent furniture for living rooms and bedrooms
- Reading nook companion
- Decorative styling piece for cozy interiors
- Ideal for bohemian, coastal, and modern homes

What is this ottoman used for?
This ottoman can be used as an extra seat, footrest, decorative accent piece, or styling element in living rooms and bedrooms.

What style of home decor does it suit?
Its bohemian-inspired woven texture and yellow chevron pattern complement boho, coastal, Scandinavian, and farmhouse interiors.

What colour is the ottoman?
The ottoman features an elegant ivory white base with yellow woven geometric detailing.

What material look does it have?
It showcases a handcrafted woven cotton-texture appearance with decorative pom-poms and fringe accents for a premium artisan look.","2",true,"","Panipat_132103_0180d","","","","Chevron Geometric Pattern with Textured Dot Weave","Bohemian | Coastal | Modern Farmhouse","Ivory white base with yellow woven detailing",,,,,,"India",,,,,,,,,,,,,,,,,,,,,,,,,,,,,,,,,,
"SAGEGREEN-7PC","","Sage Green Floral Embroidery Bedsheet Set- Pack of 7 Pieces","AH-TLS-SAGEGREEN-LOTUS-EMB-QDB-7PC",2399,3999,1110,4,67,48,11,"5",5,"https://s3.ap-south-1.amazonaws.com/nushop-catalogue/68c015dd317e68f10e190e4c/cat_img/Sage_Green_Floral_Embroidery_Bedsheet_Set__Pack_of_7_Pieces_JCQP15A1L8_2026-05-10_1.png","https://s3.ap-south-1.amazonaws.com/nushop-catalogue/68c015dd317e68f10e190e4c/cat_img/Sage_Green_Floral_Embroidery_Bedsheet_Set__Pack_of_7_Pieces_WD45U0R7FD_2026-05-10_2.png","https://s3.ap-south-1.amazonaws.com/nushop-catalogue/68c015dd317e68f10e190e4c/cat_img/Sage_Green_Floral_Embroidery_Bedsheet_Set__Pack_of_7_Pieces_64K1AD84YM_2026-05-10_3.png","https://s3.ap-south-1.amazonaws.com/nushop-catalogue/68c015dd317e68f10e190e4c/cat_img/Sage_Green_Floral_Embroidery_Bedsheet_Set__Pack_of_7_Pieces_F6CW5U26O9_2026-05-10_4.png","https://s3.ap-south-1.amazonaws.com/nushop-catalogue/68c015dd317e68f10e190e4c/cat_img/Sage_Green_Floral_Embroidery_Bedsheet_Set__Pack_of_7_Pieces_0HULWMI20K_2026-05-10_5.png","","","","","","","","","size","90 x 100 Inches","","Turn your bedroom into a calm and elegant retreat with this beautifully crafted sage green bedding set from Aaram Homes. Designed with delicate yellow floral embroidery inspired by blooming lotus motifs, this bedding set adds a soft luxurious charm to your space without looking overpowering. The soothing pastel green base paired with graceful floral detailing creates a fresh, modern, and comforting aesthetic perfect for contemporary Indian homes.
The bedding set enhances the overall premium look while adding texture and depth to the design. Whether you are styling your master bedroom, guest room, or creating a cozy festive makeover, this embroidered bedding set effortlessly brings warmth, sophistication, and comfort together.
Made for those who love elegant interiors and timeless floral designs, this bedding set blends beautifully with minimal, modern, and earthy décor themes. Its coordinated cushion covers, bolsters, and embroidered detailing make the entire bed look thoughtfully styled and luxurious.

Why You Will Love it:
- Floral embroidered design
- Soft sage green colour
- Elegant quilted detailing
- Coordinated cushion & bolster set
- Modern luxury look
- Soft & comfortable cotton fabric","6",true,"","Panipat_132103_0180d","","","",,"Modern Minimal | Contemporary Luxe | Botanical Elegant",,,"1 Double Bedsheet, 2 Pillow Covers, 2 Filled Cushions, 2nFilled Bolster Cushions",,"Floral Embroidered Pattern with Minimal Scattered Buti Design",,"India",,,"Sage Green with Mustard Yellow Floral Embroidery and Deep Green Leaf Detailing",,,,,,,,,,,,,,,,,,,,,,,,,,,,,,,
"MULTI-RJP-KDB","","Pure Cotton Rajwada Patchwork Print King Size Bedsheet","101BS",1249,2499,600,2,38,30,4,"1.3",5,"https://s3.ap-south-1.amazonaws.com/nushop-catalogue/68c015dd317e68f10e190e4c/cat_img/ybwqIR4j_1H3BA0UV9P_2025-10-04_3.png","https://s3.ap-south-1.amazonaws.com/nushop-catalogue/68c015dd317e68f10e190e4c/cat_img/ybwqIR4j_MB6T2URFRJ_2025-10-04_1.png","https://s3.ap-south-1.amazonaws.com/nushop-catalogue/68c015dd317e68f10e190e4c/cat_img/ybwqIR4j_II3I63E4IU_2025-10-04_2.png","","","","","","","","","","home__home_improvement__utility","size","100 x 108 Inches","Multicolor","Bring home the beauty of Rajasthan with our Rajwada Patchwork Bedsheet Set. 
Inspired by traditional Rajasthani art, this bedsheet features a stunning patchwork design filled with intricate motifs and rich cultural detailing. The soothing blend of pastel blue, mint green, and soft pink adds a calming, elegant, and beautifully ethnic charm to your bedroom.
Made from 100% breathable cotton, this bedsheet feels soft, comfortable, and gentle on the skin. The lightweight fabric offers a cozy sleeping experience, while the durable, color-fast print ensures the design stays vibrant and fresh for years. The set includes a bedsheet with a stylish pink border and two matching pillow covers to complete the look effortlessly.

Why You’ll Love It:
- 100% breathable cotton
- Soft, durable, and fade-resistant
- Adds cultural elegance and a touch of charm to any room



Note : We strive to present our products as accurately as possible; however, slight variations in colour may occur due to photography and individual screen settings.","6",true,"","Panipat_132103_0180d","","","",,"Ethnic, Elegant, Traditional",,,"1 King size Double Bedsheet + 2 Large Pillow Covers",,"Patchwork Print",,,,,,"Bedsheet: 100 x 108 Inches, 2 large pillow covers","Multicolor","Aaram Homes","Pure Cotton","Home","100% Cotton","Built with high-quality, durable fabric","India",,,,,,,,,,,,,,,,,,,,,,,
"TLS-STRP-MAROON-DWB","","Cotton Stripes Pattern Diwan Bedsheet Set (with 5 cushion covers, 2 bolster covers &  1 Diwan Bedsheet)","103DS",649,1299,290,6,38,30,5,"1.3",5,"https://s3.ap-south-1.amazonaws.com/nushop-catalogue/68c015dd317e68f10e190e4c/cat_img/TLS_STRP_RW_DWB_1759703384770_xwb66vbt9rmsgbe.jpg","https://s3.ap-south-1.amazonaws.com/nushop-catalogue/68c015dd317e68f10e190e4c/cat_img/Nn6SUIvw_09X8KM6A4S_2025-10-14_1.jpg","https://s3.ap-south-1.amazonaws.com/nushop-catalogue/68c015dd317e68f10e190e4c/cat_img/Nn6SUIvw_TE043TDXS7_2025-10-14_2.jpg","","","","","","","","","","home__home_improvement__utility","size","70"" x 100""","Royal Wine","Give your living room an instant style upgrade with this elegant Stripes Diwan Set. Made from soft and durable imported cotton fabric, it feels comfortable to use every day and still looks fresh and classy for special occasions. The simple striped pattern blends beautifully with any décor, making your space look more welcoming and put-together.
Key Features:
- Soft, breathable imported cotton fabric
- Classic striped design that suits every home
- Perfect fit for standard diwans","6",true,"","Panipat_132103_0180d","","","",,"modern, minimal style",,,,,"striped pattern",,,,,,"1 Diwan Bedsheet (Size: 70"" x 100""); 2 Bolster Covers; 5 Cushion Covers (16"" x 16"")","Royal Wine","Aaram Homes","Imported cotton","Home","Premium Quality","Built with high-quality, durable materials","India","1 Diwan bedsheet + 5 cushion covers + 2 bolster covers","Eco-friendly packaging",,,,,,,,,,,,,,,,,,,,,
"AH-BLUEBLSM-KDCH-SK","","Blue Blossom Checks Pure Cotton Bedsheet - Super King Size","109BS",1899,3199,930,2,38,30,4,"1.2",5,"https://s3.ap-south-1.amazonaws.com/nushop-catalogue/68c015dd317e68f10e190e4c/cat_img/Blue_Blossom_Pure_Cotton_Bedsheet_set___Super_King_Size_P8Q9AQLID4_2026-06-04_1.png","https://s3.ap-south-1.amazonaws.com/nushop-catalogue/68c015dd317e68f10e190e4c/cat_img/Blue_Blossom_Pure_Cotton_Bedsheet_set___Super_King_Size_P63GWAYB8X_2026-06-04_2.png","https://s3.ap-south-1.amazonaws.com/nushop-catalogue/68c015dd317e68f10e190e4c/cat_img/Blue_Blossom_Pure_Cotton_Bedsheet_set___Super_King_Size_3YMG32YMJO_2026-06-04_3.png","https://s3.ap-south-1.amazonaws.com/nushop-catalogue/68c015dd317e68f10e190e4c/cat_img/Blue_Blossom_Pure_Cotton_Bedsheet_set___Super_King_Size_0P43UXF97M_2026-06-04_4.png","https://s3.ap-south-1.amazonaws.com/nushop-catalogue/68c015dd317e68f10e190e4c/cat_img/Blue_Blossom_Pure_Cotton_Bedsheet_set___Super_King_Size_LJQ6KF1C72_2026-06-04_5.png","https://s3.ap-south-1.amazonaws.com/nushop-catalogue/68c015dd317e68f10e190e4c/cat_img/Blue_Blossom_Pure_Cotton_Bedsheet_set___Super_King_Size_VRZI9VZKAF_2026-06-04_6.png","https://s3.ap-south-1.amazonaws.com/nushop-catalogue/68c015dd317e68f10e190e4c/cat_img/Blue_Blossom_Pure_Cotton_Bedsheet_set___Super_King_Size_3I452JXR4P_2026-06-04_7.png","","","","","","home__home_furnishing__bed_linen","size","110*110 inches","","Bring freshness to your bedroom with the Blue Blossom 100% Pure Cotton Bedsheet Set. 
Designed in shades of blue with procian prints, this bedsheet features delicate floral border motifs combined with geometric detailing for a timeless look. 
Crafted from soft, breathable 250 TC cotton, it offers everyday comfort while enhancing your bedroom decor. 
The coordinated pillow covers complete the sophisticated aesthetic, making it perfect for modern and contemporary homes.

Key Features:
- 100% Cotton - 250 TC Fabric (Procian Prints)
- Soft & Breathable
- Skin-Friendly
- Machine Washable
- Fade-Resistant Print","6",true,"","Panipat_132103_0180d","","","","Floral Print with Geometric Micro-Check at one end","Contemporary Indian | Resort-Inspired Bedroom Decor",,"Royal Blue","1 Super king size bedsheet + 2 Large Pillow Covers","250 TC Pure Cotton Fabric",,,,,,,"110 x 110 inches",,,,,,,,,,,,,,,,,,,,,,,,,,,,,,
"TLS-BB-PPP-QDB","","Pink Polka Dots Bedsheet Set with 2 cushions & 2 pillow covers- 180 GSM Cotton Blend","TLS-BB-PPP-QDB",999,1999,400,6,62,34,6,"1.7",5,"https://s3.ap-south-1.amazonaws.com/nushop-catalogue/68c015dd317e68f10e190e4c/cat_img/SUX_tx0b_25N68F1OAE_2025-12-14_1.png","https://s3.ap-south-1.amazonaws.com/nushop-catalogue/68c015dd317e68f10e190e4c/cat_img/SUX_tx0b_R2CH3TMV3G_2025-12-14_2.png","https://s3.ap-south-1.amazonaws.com/nushop-catalogue/68c015dd317e68f10e190e4c/cat_img/SUX_tx0b_9NC37LCBOB_2025-12-14_3.png","https://s3.ap-south-1.amazonaws.com/nushop-catalogue/68c015dd317e68f10e190e4c/cat_img/SUX_tx0b_DE32VILPGD_2025-12-14_4.png","","","","","","","","","home__home_improvement__utility","size","90 x 100 Inches","Pink & White","Brighten Up Your Bedroom With This Charming And Playful Pink Polka Dots Bed Sheet Set. This Beautiful Set Features A Delightful Combination Of Soft Pink And White, Adorned With Classic Polka Dots. It Showcases A Larger Polka Dot Pattern, While The Quilted Pillow Covers, Quilted Cushions Feature a Complementary Design. A Subtle Floral Print On The Bottom Adds A Touch Of Romantic Elegance To This Fun And Fresh Bedding Set. It's Perfect For Creating A Cozy, Inviting, And Cheerful Space.

	•	Design: Soft pink and white with classic polka dots.
	•	Additional Feature: Subtle floral print on the bottom for a touch of elegance.
	•	Overall Style: Charming, playful, cosy, inviting, and cheerful.","6",true,"","Panipat_132103_0180d","","","",,"Modern/Cute",,,,,"Polka Dot with Floral accents",,,,,,"Bedsheet: 90 x 100 Inches
2 quilted pillow covers: 18 x 28 inches
2 cushions with fillers: 12 x 12 inches","Pink & White","Aaram Homes","Cotton blend 180 GSM","Home","Premium Quality","Built with high-quality, durable materials","India","1 Double Bedsheet + 2 Pillow Covers + 2 cushions with fillers","Eco-friendly packaging",,,,,,,,,,,,,,,,,,,,,
"TLS-MP-CB-DBF","","Mattress Cover | Protector | 100% Waterproof | Coffee Brown","104MP",1499,2999,700,2,33,27,11,"1.3",5,"https://s3.ap-south-1.amazonaws.com/nushop-catalogue/68c015dd317e68f10e190e4c/cat_img/Vccfno1A_7FY4SQ0I5H_2025-10-14_1.jpg","https://s3.ap-south-1.amazonaws.com/nushop-catalogue/68c015dd317e68f10e190e4c/cat_img/Vccfno1A_ZTJ4DJXR4H_2025-12-24_1.png","https://s3.ap-south-1.amazonaws.com/nushop-catalogue/68c015dd317e68f10e190e4c/cat_img/TLS_MP_CB_DBF_1759704932556_p1n7cxjd0ihyyjp.jpg","https://s3.ap-south-1.amazonaws.com/nushop-catalogue/68c015dd317e68f10e190e4c/cat_img/Vccfno1A_2FDDMPZK2H_2025-10-14_2.jpg","https://s3.ap-south-1.amazonaws.com/nushop-catalogue/68c015dd317e68f10e190e4c/cat_img/Vccfno1A_FW3SAPD0JT_2025-11-09_1.jpg","https://s3.ap-south-1.amazonaws.com/nushop-catalogue/68c015dd317e68f10e190e4c/cat_img/Vccfno1A_93NGXV19Z1_2025-11-09_2.jpg","https://s3.ap-south-1.amazonaws.com/nushop-catalogue/68c015dd317e68f10e190e4c/cat_img/Vccfno1A_6L4PILUPYP_2025-11-09_3.jpg","https://s3.ap-south-1.amazonaws.com/nushop-catalogue/68c015dd317e68f10e190e4c/cat_img/Vccfno1A_9UW83LFA5M_2025-11-09_4.jpg","https://s3.ap-south-1.amazonaws.com/nushop-catalogue/68c015dd317e68f10e190e4c/cat_img/Vccfno1A_E572APKWL5_2025-11-09_5.jpg","","","","home__home_improvement__utility","size","72x78 + 12""","Coffee Brown","Premium Waterproof Quilted Mattress Protector
Keep your mattress safe and make your bed look stylish with this elegant Coffee Brown Waterproof Quilted Mattress Protector. Its soft, quilted top adds an extra layer of comfort, while the waterproof backing protects your mattress from spills, stains, dust, and allergens. It’s a perfect blend of comfort, hygiene, and durability for everyday use.
Key Features:
- Soft quilted fabric for extra comfort
- 100% waterproof and dust-resistant protection
- Breathable material to keep your mattress fresh
- Deep pockets for a snug, secure fit on all mattresses
- Super Easy to wash and maintain","6",true,"","Panipat_132103_0180d","","","",,"Fitted style with deep pockets",,,,,"Diamond quilted pattern",,,,,,"1 Mattress protector: 72x78 + 12""","Coffee Brown","Aaram Homes","Cotton on top and waterproof sheet below","Home","Premium Quality","Built with high-quality, durable materials","India","1 mattress protector","Eco-friendly packaging",,,,,,,,,,,,,,,,,,,,,
"AH_ESPRESSO_STRIPES_KDB","","Espresso Brown Stripes 300 TC  Pure Cotton Bedsheet Set","113BS",2499,3999,1220,2,38,30,4,"1.2",5,"https://s3.ap-south-1.amazonaws.com/nushop-catalogue/68c015dd317e68f10e190e4c/cat_img/Espresso_Brown_Stripes_300_TC__Pure_Cotton_Bedsheet_Set_U1AVT0TRXD_2026-07-17_1.png","https://s3.ap-south-1.amazonaws.com/nushop-catalogue/68c015dd317e68f10e190e4c/cat_img/Espresso_Brown_Stripes_300_TC__Pure_Cotton_Bedsheet_Set_DAHNMNRTWH_2026-07-17_2.png","https://s3.ap-south-1.amazonaws.com/nushop-catalogue/68c015dd317e68f10e190e4c/cat_img/Espresso_Brown_Stripes_300_TC__Pure_Cotton_Bedsheet_Set_0XG2NX4Z4Q_2026-07-17_3.png","https://s3.ap-south-1.amazonaws.com/nushop-catalogue/68c015dd317e68f10e190e4c/cat_img/Espresso_Brown_Stripes_300_TC__Pure_Cotton_Bedsheet_Set_COLQ5UA8ED_2026-07-17_4.png","https://s3.ap-south-1.amazonaws.com/nushop-catalogue/68c015dd317e68f10e190e4c/cat_img/Espresso_Brown_Stripes_300_TC__Pure_Cotton_Bedsheet_Set_A5V7G97UYM_2026-07-17_5.png","https://s3.ap-south-1.amazonaws.com/nushop-catalogue/68c015dd317e68f10e190e4c/cat_img/Espresso_Brown_Stripes_300_TC__Pure_Cotton_Bedsheet_Set_IQMJDW8BGP_2026-07-17_6.png","https://s3.ap-south-1.amazonaws.com/nushop-catalogue/68c015dd317e68f10e190e4c/cat_img/Espresso_Brown_Stripes_300_TC__Pure_Cotton_Bedsheet_Set_YXLAWMOMY6_2026-07-17_7.png","","","","","","","size","108 x 108 inches","","Bring home the quiet elegance of rich espresso tones with the Espresso Brown Stripes Bedsheet Set. 
Designed to complement modern interiors, its deep brown palette paired with crisp ivory stripes creates a sophisticated look that's timeless and effortlessly stylish.
Crafted from 100% Pure Cotton with a premium 300 Thread Count, this bedsheet feels exceptionally soft, smooth, and breathable. 
Whether you're settling in after a long day or enjoying a slow weekend morning, its luxurious texture offers the comfort of a boutique hotel in the warmth of your own home.
Made for everyday living yet designed to look refined, the Espresso Brown Stripes Bedsheet Set is the perfect blend of comfort, durability, and contemporary style.

Why You'll Love It:-
- 100% Pure Cotton for natural softness and breathability.
- 300 Thread Count fabric offers a smooth, premium feel every night.
- Rich espresso brown tones with elegant stripes create a modern, sophisticated look.
- Durable fabric with long-lasting colour and softness, wash after wash.
- Perfect for everyday comfort while adding a luxurious touch to your bedroom.","2",true,"","Panipat_132103_0180d","","","","Contemporary Horizontal Stripes","Modern Minimalist",,"Espresso Brown, Ivory White","1 King Size Bedsheet, 2 Large Pillow Covers","100% Pure Cotton",,,,,,,,,,,,,,,,,"300 TC",,,,,,,,,,,,,,,,,,,,
"KD-SSK-AQGB-KDB","","Aqua Gulbahar Handblock Printed Cotton Bedsheet Set","116BS",1299,1699,600,2,38,30,4,"1.2",5,"https://s3.ap-south-1.amazonaws.com/nushop-catalogue/68c015dd317e68f10e190e4c/cat_img/lWWNIQew_9MZUQEGCSS_2026-02-08_5.png","https://s3.ap-south-1.amazonaws.com/nushop-catalogue/68c015dd317e68f10e190e4c/cat_img/lWWNIQew_4WA6OAI9TA_2026-02-08_2.jpeg","https://s3.ap-south-1.amazonaws.com/nushop-catalogue/68c015dd317e68f10e190e4c/cat_img/lWWNIQew_FECNLKEXPK_2026-02-08_1.png","https://s3.ap-south-1.amazonaws.com/nushop-catalogue/68c015dd317e68f10e190e4c/cat_img/lWWNIQew_QNYLLEDZ4Y_2026-02-08_3.jpeg","https://s3.ap-south-1.amazonaws.com/nushop-catalogue/68c015dd317e68f10e190e4c/cat_img/lWWNIQew_DOL06L604F_2026-02-08_4.jpeg","","","","","","","","","size","100*108 inches","Teal Green","Upgrade your bedroom with the Aqua Gulbahar Handblock Printed Cotton Bedsheet Set, crafted using traditional handblock printing techniques and natural colours. This premium bedsheet features a soothing aqua blue base with intricately hand-printed floral and bird motifs inspired by Indian botanical gardens.
Made from 100% breathable cotton, this handblock printed bedsheet is gentle on the skin, eco-friendly, and ideal for all seasons. The use of natural dyes gives the fabric a soft, earthy finish while ensuring comfort and durability. Each bedsheet is individually hand printed by skilled artisans, making every piece truly unique.
Perfect for those searching for handblock printed cotton bedsheets online, this design blends heritage craftsmanship with modern pastel aesthetics—adding calm, freshness, and elegance to your bedroom décor.","6",true,"","Panipat_132103_0180d","","","",,,,,,,"Handcrafted Indian Bedding
Eco-friendly & Sustainable Home Linen
Pastel Botanical Bedroom Décor
Traditional Craft with Modern Elegance",,,,,,,"Traditional handblock printed floral and bird design with detailed botanical vines and an ornamental border.","Aqua with blush pink & soft green motifs",,,,,,,,,"Gentle hand wash or machine wash separately. Use mild detergent. Do not soak or bleach. Dry in shade to maintain natural colours",,,,,,,,,,,,,,,,,,,
"TLS-STRP-SILVER-DWB","","Cotton Striped Pattern Diwan Bedsheet Set (1 Diwan bedsheet, 5 cushion covers & 2 bolster covers)","101DS",749,1299,290,6,38,30,4,"1.2",5,"https://s3.ap-south-1.amazonaws.com/nushop-catalogue/68c015dd317e68f10e190e4c/cat_img/b4lK0DFJ_X67572NC34_2025-10-04_1.jpg","https://s3.ap-south-1.amazonaws.com/nushop-catalogue/68c015dd317e68f10e190e4c/cat_img/b4lK0DFJ_6IJOD35LUW_2025-10-04_2.jpg","https://s3.ap-south-1.amazonaws.com/nushop-catalogue/68c015dd317e68f10e190e4c/cat_img/b4lK0DFJ_GQDNXYCOUH_2025-10-04_3.jpg","","","","","","","","","","home__home_improvement__utility","size","70"" x 100""","Silver Grey","Give your living room a fresh and elegant look with this stylish Stripes Diwan Set. Made from a soft and durable cotton-blend fabric, it feels comfortable to use every day and still looks great for special occasions.
Key Features:
- Soft, breathable imported cotton fabric
- Classic strips pattern that suits any decor
- Designed to fit standard diwans perfectly
Also perfect for gifting","6",true,"","Panipat_132103_0180d","","","",,"modern, minimal style",,,,,"striped pattern",,,,,,"1 Diwan Bedsheet (Size: 70"" x 100""), 2 Bolster Covers, 5 Cushion Covers (16"" x 16"")","Silver Grey","Aaram Homes","Imported cotton","Home","Premium Quality","Built with high-quality, durable materials","India","1 Diwan bedsheet + 5 cushion covers + 2 bolster covers","Eco-friendly packaging",,,,,,,,,,,,,,,,,,,,,
"TLS-MP-RYB-DBF","","Mattress Cover | Protector |  100% Waterproof | Royal Blue","101MP",1499,2999,760,8,23,23,23,"3.0",5,"https://s3.ap-south-1.amazonaws.com/nushop-catalogue/68c015dd317e68f10e190e4c/cat_img/fi_gpkEj_7FAQ1OX3FD_2025-12-24_1.jpeg","https://s3.ap-south-1.amazonaws.com/nushop-catalogue/68c015dd317e68f10e190e4c/cat_img/fi_gpkEj_RH8M20ZA9M_2025-10-14_1.jpg","https://s3.ap-south-1.amazonaws.com/nushop-catalogue/68c015dd317e68f10e190e4c/cat_img/TLS_MP_RYB_DBF_1759703739341_tsz9fyzxoxpbw4m.jpg","https://s3.ap-south-1.amazonaws.com/nushop-catalogue/68c015dd317e68f10e190e4c/cat_img/fi_gpkEj_3GD14UCPKH_2025-11-09_1.jpg","https://s3.ap-south-1.amazonaws.com/nushop-catalogue/68c015dd317e68f10e190e4c/cat_img/fi_gpkEj_6DKO3D022L_2025-11-09_2.jpg","https://s3.ap-south-1.amazonaws.com/nushop-catalogue/68c015dd317e68f10e190e4c/cat_img/fi_gpkEj_PJ350OAXYA_2025-11-09_3.jpg","https://s3.ap-south-1.amazonaws.com/nushop-catalogue/68c015dd317e68f10e190e4c/cat_img/fi_gpkEj_FNCCAKWNOM_2025-11-09_5.jpg","https://s3.ap-south-1.amazonaws.com/nushop-catalogue/68c015dd317e68f10e190e4c/cat_img/fi_gpkEj_7082M0SLMF_2025-11-09_4.jpg","","","","","home__home_improvement__utility","size","72x78 + 12""","Royal Blue","Protect your mattress in style with this Royal Blue Waterproof Quilted Mattress Protector. The soft, cushioned quilted top adds extra comfort to your bed, while the waterproof backing shields your mattress from spills, stains, dust, and allergens. It’s designed to keep your sleeping space fresh, hygienic, and beautifully put together.

Key Features:
- Soft, quilted fabric for added comfort
- 100% waterproof and dust-resistant
- Breathable material keeps your mattress fresh
- Deep pockets for a secure fit on all standard mattresses
- Super Easy to wash and maintain





Note : We strive to present our products as accurately as possible. However, slight variations in colour may occur due to photography and individual screen settings.","2",true,"","Panipat_132103_0180d","","","1",,"Fitted style with deep pockets",,,,,"Diamond quilted pattern",,,,,,"1 Mattress protector: 72x78 + 12""","Royal Blue","Aaram Homes","Cotton on top and waterproof sheet below","Home","Premium Quality","Built with high-quality, durable materials","India","1 mattress protector (Fits upto King size)",,,,,,,,,,,,,,,,,,,,,,
"Sitting-Girls-Gold","","Antique Gold Thinker Girl Figurine | Set of 3 | Home Decor","Sitting-Girls-Gold_3pc",1749,2999,750,5,23,6,23,"1.2",5,"https://s3.ap-south-1.amazonaws.com/nushop-catalogue/68c015dd317e68f10e190e4c/cat_img/GqzNTht7_2S59N0G6UY_2026-07-23_1.png","https://s3.ap-south-1.amazonaws.com/nushop-catalogue/68c015dd317e68f10e190e4c/cat_img/GqzNTht7_DAPHTMP1GP_2026-07-23_2.png","https://s3.ap-south-1.amazonaws.com/nushop-catalogue/68c015dd317e68f10e190e4c/cat_img/GqzNTht7_5T8YSE12WW_2026-07-23_3.png","https://s3.ap-south-1.amazonaws.com/nushop-catalogue/68c015dd317e68f10e190e4c/cat_img/GqzNTht7_4Z3KE6R1FP_2026-07-23_4.png","","","","","","","https://s3.ap-south-1.amazonaws.com/nushop-catalogue/68c015dd317e68f10e190e4c/cat_vid/GqzNTht7_JWUW954A2Y_2026-07-23_1.MP4","","home__home_improvement__utility","size","9","Antique Gold","Modern Abstract Sitting Sculptures

Elevate your interiors with the Aaram Homes Antique Gold Thinker Figurine Showpiece Set of 3, designed to bring timeless elegance to contemporary spaces.
Crafted from premium-quality polyresin with a sophisticated matte antique gold finish, these modern abstract sculptures effortlessly complement Scandinavian, Japandi, Minimalist, and Modern interiors.
Each figurine represents a unique contemplative pose, creating a balanced visual composition that enhances console tables, floating shelves, TV units, bookshelves, office desks, entryways, and living rooms.

With graceful curves and a premium handcrafted appearance, this elegant sculpture set becomes an instant focal point while maintaining a refined minimalist aesthetic.

Key Features:
- Premium Construction
- Elegant Antique Gold Finish
- Modern Minimalist Design
- Ideal for Console Tables & Floating Shelves
- Lightweight Yet Durable
Perfect Gift for Housewarming, Weddings & Festivals","1050",true,"","Panipat_132103_0180d","","","","Abstract Sculptural","Modern | Minimalist","Antique Gold",,,,,,,,,,,,,"Premium Polyresin",,,,,,,,,,,,,,,,,,,,,,,,,,,
"PINK-KITTY-CUSHION-1PC","","Pretty Pink Bow Plush Cushion","102CUSH",490,799,160,16,37,28,4,"1",5,"https://s3.ap-south-1.amazonaws.com/nushop-catalogue/68c015dd317e68f10e190e4c/cat_img/Pretty_Pink_Bow_Plush_Cushion_IK80XLNREC_2026-08-23_1.png","https://s3.ap-south-1.amazonaws.com/nushop-catalogue/68c015dd317e68f10e190e4c/cat_img/Pretty_Pink_Bow_Plush_Cushion_42P9ORK9G0_2026-08-23_2.png","https://s3.ap-south-1.amazonaws.com/nushop-catalogue/68c015dd317e68f10e190e4c/cat_img/Pretty_Pink_Bow_Plush_Cushion_MFRK7US2IW_2026-08-23_3.png","","","","","","","","","","","size","14 inches","","Add a touch of sweetness and playful charm to your little one’s room with this adorable plush face cushion. Designed with a cute white character face, embroidered-style detailing, and a soft pink bow, this cushion makes a delightful addition to kids’ bedrooms, playrooms, reading corners, or cozy spaces. Its soft, rounded design is perfect for adding comfort and personality while complementing playful and pastel-themed interiors.

What is this cushion?
 It is a soft, character-inspired decorative cushion featuring a cute white face with a pink bow, designed especially for cozy corners.","1050",true,"","Panipat_132103_0180d","","","",,"Cute & Playful | Character-Inspired",,"White base with Pink, Grey & Yellow detailing",,,"Cartoon-Inspired | Bow Detail",,"India",,,,,,,,,,,,,,,,,,,,,,,,,,,,,,,,,,
"BOW_CLOUD_COMFORTERSET_4PC","","Cloud Cotton Premium King Size Frills Bedding Set - with Comforter","101CS",6999,7999,3600,13,65,36,11,"4.2",18,"https://s3.ap-south-1.amazonaws.com/nushop-catalogue/68c015dd317e68f10e190e4c/cat_img/Cloud_Cotton_Premium_King_Size_Frills_Bedding_Set___with_Comforter_1FW67TM1PD_2026-07-15_1.png","https://s3.ap-south-1.amazonaws.com/nushop-catalogue/68c015dd317e68f10e190e4c/cat_img/Cloud_Cotton_Premium_King_Size_Frills_Bedding_Set___with_Comforter_5FV0MLZ8IG_2026-07-15_2.png","https://s3.ap-south-1.amazonaws.com/nushop-catalogue/68c015dd317e68f10e190e4c/cat_img/Cloud_Cotton_Premium_King_Size_Frills_Bedding_Set___with_Comforter_PUIA1QW5FG_2026-07-15_3.png","https://s3.ap-south-1.amazonaws.com/nushop-catalogue/68c015dd317e68f10e190e4c/cat_img/Cloud_Cotton_Premium_King_Size_Frills_Bedding_Set___with_Comforter_OUYXUC3PLB_2026-07-15_4.png","https://s3.ap-south-1.amazonaws.com/nushop-catalogue/68c015dd317e68f10e190e4c/cat_img/Cloud_Cotton_Premium_King_Size_Frills_Bedding_Set___with_Comforter_IZW8Q5K317_2026-07-15_5.png","https://s3.ap-south-1.amazonaws.com/nushop-catalogue/68c015dd317e68f10e190e4c/cat_img/Cloud_Cotton_Premium_King_Size_Frills_Bedding_Set___with_Comforter_Y8KKRCESU9_2026-07-15_6.png","","","","","","","","size","108 x 108 inches","","Wake up to the feeling of sleeping on a cloud.

Designed for those who appreciate soft textures and timeless elegance, this Bedding Set combines premium craftsmanship with everyday functionality.
Made from 100% Pure Bamboo Cotton, this bedding feels exceptionally soft against the skin while remaining incredibly lightweight and breathable.

The delicate bow print is paired with graceful double frills and handcrafted ribbon detailing, giving your bedroom an effortlessly elegant Pinterest-inspired aesthetic.
Whether you're styling your own bedroom or creating the perfect guest room, this bedding instantly elevates the space with a luxurious designer finish.

The generously sized 108 × 108 inch king-size bedsheet offers excellent mattress coverage, while the plush comforter provides cozy warmth without feeling heavy. 
Every detail from the premium fabric to the elegant trims has been thoughtfully designed to deliver unmatched comfort and refined style.
Bring home a bedding set that feels as beautiful as it looks.

Why You'll Love It:
- Crafted from 100% Pure Bamboo Cotton
- Premium ultra-soft luxury fabric
- Lightweight yet fluffy comforter for year-round comfort
- Breathable, skin-friendly and gentle on sensitive skin
- Elegant double frill detailing on comforter and pillow covers
- Premium ribbon embellishments for a designer finish
- Soft-touch finish with superior drape","2",true,"","Panipat_132103_0180d","","","","Minimal Bow Print with Double Frill & Ribbon Accents","Modern Romantic Luxury|  Pinterest Aesthetic | Minimal Elegant",,"Powder Blue & Ivory White","1 King Size Bedsheet (108 × 108 inches) , 1 Plush Lightweight Premium Comforter and 2 Large Pillow Covers","100% Pure Soft Cotton",,,,,,,,,,,,,,,,,,,,,,,,,,,,,,,,,,,,,
"KD-IK-BLUSH-KDB","","Blush Ikat Pure Cotton Bedsheet Set","103BS",1299,2999,630,8,38,30,4,"1.2",5,"https://s3.ap-south-1.amazonaws.com/nushop-catalogue/68c015dd317e68f10e190e4c/cat_img/uGxo64Tc_0C87NDCLU6_2026-03-14_3.JPEG","https://s3.ap-south-1.amazonaws.com/nushop-catalogue/68c015dd317e68f10e190e4c/cat_img/uGxo64Tc_JLW782KWB4_2026-03-14_1.JPEG","https://s3.ap-south-1.amazonaws.com/nushop-catalogue/68c015dd317e68f10e190e4c/cat_img/uGxo64Tc_8DTWDA3IR4_2026-03-14_2.JPEG","https://s3.ap-south-1.amazonaws.com/nushop-catalogue/68c015dd317e68f10e190e4c/cat_img/uGxo64Tc_H3V5QXEH4H_2026-03-14_4.PNG","https://s3.ap-south-1.amazonaws.com/nushop-catalogue/68c015dd317e68f10e190e4c/cat_img/uGxo64Tc_B5F9DFNNQI_2026-03-14_5.JPEG","https://s3.ap-south-1.amazonaws.com/nushop-catalogue/68c015dd317e68f10e190e4c/cat_img/uGxo64Tc_W5TH2FS80I_2026-03-14_6.JPEG","https://s3.ap-south-1.amazonaws.com/nushop-catalogue/68c015dd317e68f10e190e4c/cat_img/uGxo64Tc_D1L7XCW7NK_2026-03-14_7.JPEG","https://s3.ap-south-1.amazonaws.com/nushop-catalogue/68c015dd317e68f10e190e4c/cat_img/uGxo64Tc_3ONV16BCZ4_2026-03-14_8.PNG","https://s3.ap-south-1.amazonaws.com/nushop-catalogue/68c015dd317e68f10e190e4c/cat_img/uGxo64Tc_FVP5HXYLWX_2026-03-14_9.JPEG","https://s3.ap-south-1.amazonaws.com/nushop-catalogue/68c015dd317e68f10e190e4c/cat_img/uGxo64Tc_Y7ZRQ7BNBB_2026-03-14_10.PNG","","","home__home_improvement__utility","size","100*108 inches","Blush Pink, Peach & Ivory","Add soft elegance to your bedroom with this Blush Ikat Pure Cotton Bedsheet Set. Crafted from breathable 100% cotton, it feels smooth, lightweight, and comfortable for everyday use while enhancing your space with subtle ethnic charm.","6",true,"","Panipat_132103_0180d","","","",,"Modern Ethnic | Elegant | Minimal Luxury",,,,,"Ikat Print",,,,,,,,"Aaram Homes",,,,"Built with high-quality, durable materials","India","One double bedsheet and 2 large pillow covers","Eco-friendly packaging",,,"Blush Pink, Peach & Ivory",,,,,,,,,,,,,,,,,,
"KD-IK-AQUA-KDB","","Aqua Blue Ikat Pure Cotton Bedsheet Set","104BS",1299,2999,630,5,38,30,4,"1.2",5,"https://s3.ap-south-1.amazonaws.com/nushop-catalogue/68c015dd317e68f10e190e4c/cat_img/wEXS43_T_YONP3O1U64_2026-03-14_1.JPEG","https://s3.ap-south-1.amazonaws.com/nushop-catalogue/68c015dd317e68f10e190e4c/cat_img/wEXS43_T_99041J17UI_2026-03-14_5.JPEG","https://s3.ap-south-1.amazonaws.com/nushop-catalogue/68c015dd317e68f10e190e4c/cat_img/wEXS43_T_JFHD0UO4EM_2026-03-14_4.JPEG","https://s3.ap-south-1.amazonaws.com/nushop-catalogue/68c015dd317e68f10e190e4c/cat_img/wEXS43_T_VLU2OFMXRM_2026-03-14_6.PNG","https://s3.ap-south-1.amazonaws.com/nushop-catalogue/68c015dd317e68f10e190e4c/cat_img/wEXS43_T_19OS57LOZI_2026-03-14_2.JPEG","https://s3.ap-south-1.amazonaws.com/nushop-catalogue/68c015dd317e68f10e190e4c/cat_img/wEXS43_T_DTSYBJ5TTT_2026-03-14_3.JPEG","https://s3.ap-south-1.amazonaws.com/nushop-catalogue/68c015dd317e68f10e190e4c/cat_img/wEXS43_T_N0QI1IRZOM_2026-03-14_7.JPEG","https://s3.ap-south-1.amazonaws.com/nushop-catalogue/68c015dd317e68f10e190e4c/cat_img/wEXS43_T_ZQ85KW7BYY_2026-03-14_8.PNG","https://s3.ap-south-1.amazonaws.com/nushop-catalogue/68c015dd317e68f10e190e4c/cat_img/wEXS43_T_9Z8H67BSW2_2026-03-14_9.PNG","","","","home__home_improvement__utility","size","100*108 inches","","Transform your bedroom into a tranquil oasis with this elegant Teal and White Ikat Print Bedsheet Set. Designed to blend traditional artistry with modern aesthetics, this set features a beautiful, repeating geometric diamond Ikat motif in soothing shades of aqua, mint, and soft grey against a crisp white background.

The intricate, block-print-inspired detailing brings a touch of bohemian charm and artisanal elegance to your space, making it the perfect focal point for both contemporary and traditional bedroom decor. Complete with a generously sized king bedsheet and matching flanged pillow covers, this set promises not just a refreshing visual upgrade, but also a restful night's sleep. Perfect for everyday use or guest rooms.

Style: Contemporary Ethnic / Coastal. The bedsheet beautifully bridges the gap between traditional Indian textile art and relaxed, modern transitional decor.","6",true,"","Panipat_132103_0180d","","","",,"Modern Ethnic | Elegant | Minimal Luxury",,,,,"Ikat Print",,,,,,,,"Aaram Homes",,,,"Built with high-quality, durable materials","India","One double bedsheet and 2 large pillow covers","Eco-friendly packaging",,,"Aqua, Soft Grey, and Crisp White. The cool-toned palette is specifically designed to evoke calmness, making the room look spacious, airy, and inviting.",,,,,,,,,,,,,,,,,,
"TLS-MP-DG-DBF","","Mattress Cover | Protector | 100% Waterproof | Dark Grey","TLS-MP-DG-DBF",1499,2999,760,2,33,27,11,"1.3",5,"https://s3.ap-south-1.amazonaws.com/nushop-catalogue/68c015dd317e68f10e190e4c/cat_img/TLS_MP_DG_DBF_1759709844094_wvwqfh3gxtise89.jpg","https://s3.ap-south-1.amazonaws.com/nushop-catalogue/68c015dd317e68f10e190e4c/cat_img/TLS_MP_DG_DBF_1759709912201_3a82qmizp9e9src.jpg","https://s3.ap-south-1.amazonaws.com/nushop-catalogue/68c015dd317e68f10e190e4c/cat_img/dWgkTIP3_NWBWKD92EF_2025-11-09_1.jpg","https://s3.ap-south-1.amazonaws.com/nushop-catalogue/68c015dd317e68f10e190e4c/cat_img/dWgkTIP3_M5BZ2GIBJH_2025-11-09_2.jpg","https://s3.ap-south-1.amazonaws.com/nushop-catalogue/68c015dd317e68f10e190e4c/cat_img/dWgkTIP3_4M4YYJKPZ7_2025-11-09_3.jpg","https://s3.ap-south-1.amazonaws.com/nushop-catalogue/68c015dd317e68f10e190e4c/cat_img/dWgkTIP3_HJ7W5GO0I5_2025-11-09_4.jpg","https://s3.ap-south-1.amazonaws.com/nushop-catalogue/68c015dd317e68f10e190e4c/cat_img/dWgkTIP3_DR0Q7IZZ15_2025-11-09_5.jpg","","","","","","home__home_improvement__utility","size","72x78 + 12""","Dark Grey","Keep your mattress safe and make your bed look stylish with this Dark Grey Waterproof Quilted Mattress Protector. Its soft, quilted top adds an extra layer of comfort, while the waterproof backing protects your mattress from spills, stains, dust, and allergens. It’s a perfect blend of comfort, hygiene, and durability for everyday use.
Key Features:
Soft quilted fabric for extra comfort
- 100% waterproof and dust-resistant protection
- Breathable material to keep your mattress fresh
- Deep pockets for a snug, secure fit on all standard mattresses
- Super Easy to wash and maintain","6",true,"","Panipat_132103_0180d","","","",,"Fitted style with deep pockets",,,,,"Diamond quilted pattern",,,,,,"1 Mattress protector: 72x78 + 12""","Dark Grey","Aaram Homes","Cotton on top and waterproof sheet below","Home","Premium Quality","Built with high-quality, durable materials","India","1 mattress protector","Eco-friendly packaging",,,,,,,,,,,,,,,,,,,,,
"ELEBLUE-BDH-4060","","Pure Mulmul Reversible Kids Dohar - Blue Elephant Jungle Print","101BDH",1049,1899,500,6,35,28,4,"1.2",5,"https://s3.ap-south-1.amazonaws.com/nushop-catalogue/68c015dd317e68f10e190e4c/cat_img/Pure_Mulmul_Reversible_Baby_Dohar___Blue_Elephant_Jungle_Print_8WBKVTSSBQ_2026-07-02_2.png","https://s3.ap-south-1.amazonaws.com/nushop-catalogue/68c015dd317e68f10e190e4c/cat_img/Pure_Mulmul_Reversible_Baby_Dohar___Blue_Elephant_Jungle_Print_68I5PJL1SR_2026-07-02_1.png","https://s3.ap-south-1.amazonaws.com/nushop-catalogue/68c015dd317e68f10e190e4c/cat_img/Pure_Mulmul_Reversible_Baby_Dohar___Blue_Elephant_Jungle_Print_6C81NJ59YA_2026-07-02_3.jpg","https://s3.ap-south-1.amazonaws.com/nushop-catalogue/68c015dd317e68f10e190e4c/cat_img/Pure_Mulmul_Reversible_Baby_Dohar___Blue_Elephant_Jungle_Print_9OP3HBYG4T_2026-07-02_4.png","https://s3.ap-south-1.amazonaws.com/nushop-catalogue/68c015dd317e68f10e190e4c/cat_img/Pure_Mulmul_Reversible_Baby_Dohar___Blue_Elephant_Jungle_Print_7LHR8CFGXW_2026-07-02_5.png","","","","","","","","","size","40x60 inches","Baby Blue","Wrap your little one in breathable comfort with the Aaram Homes Pure Mulmul Baby Dohar, thoughtfully crafted from premium cotton mulmul fabric. Designed for babies and toddlers, this reversible dohar features an adorable blue elephant jungle print on one side and delicate blue floral print on the reverse, giving you two charming looks in one.
Made with soft mulmul layers, this lightweight baby quilt is gentle on delicate skin while providing just the right amount of warmth for air-conditioned rooms, naps, stroller rides, and everyday use. Its breathable construction helps regulate temperature, making it perfect for year-round comfort.
Whether used in a crib, cot, toddler bed, or while travelling, this premium dohar combines comfort, functionality, and playful design to become an everyday nursery essential.

Key Features
✔️ Premium 100% Cotton Mulmul Fabric
✔️ Reversible Design – Elephant Print & Blue Floral Print
✔️ Lightweight & Breathable for AC Rooms
✔️ Soft on Sensitive Baby Skin
✔️ Gentle Multi-Layer Cotton Construction
✔️ Suitable for Babies & Toddlers
✔️ Skin-Friendly & Comfortable for Everyday Use
✔️ Ideal for Crib, Cot, Stroller, Nap Time & Travel





Q. What is the size of this baby dohar?
This baby dohar measures 40 × 60 inches, making it ideal for newborns, infants, and toddlers.

Q. Is the baby dohar reversible?
Yes. It features a playful blue elephant jungle print on one side and a soft blue floral print on the other, giving you two beautiful looks in one.

Q. Is the fabric safe for sensitive baby skin?
Yes. Made from premium 100% cotton mulmul, it is soft, breathable, and gentle on delicate baby skin.

Q. Can this dohar be used throughout the year?
It is best suited for summer, spring, monsoon, and mild winter conditions, especially for indoor and air-conditioned environments.

Q. How should I wash this baby dohar?
Machine wash on a gentle cycle or hand wash with a mild detergent. Dry in shade to help maintain the softness and vibrancy of the prints.","2",true,"","Panipat_132103_0180d","","","",,"Cute Animal Theme | Gender-Neutral Kids Bedding",,"White & Baby Blue",,"100% Cotton Mulmul","Playful Blue Elephant Jungle Print with Tropical Leaves",,"India",,,,,,,,,,,,,,,,,"Reversible Printed Baby Dohar",,,,,,,,,,,,,,,,,
"ORANGE-STRIPES-KDB","","Sunset Stripes 300 TC Pure Cotton King Size Bedsheet Set","112BS",2499,3999,1200,8,38,30,5,"1.8",5,"https://s3.ap-south-1.amazonaws.com/nushop-catalogue/68c015dd317e68f10e190e4c/cat_img/__dDdzOa_BPTF5BR8P5_2026-07-17_2.png","https://s3.ap-south-1.amazonaws.com/nushop-catalogue/68c015dd317e68f10e190e4c/cat_img/__dDdzOa_WV7OXD2KNN_2026-07-17_1.png","https://s3.ap-south-1.amazonaws.com/nushop-catalogue/68c015dd317e68f10e190e4c/cat_img/__dDdzOa_5PSBQB00X4_2026-07-17_3.png","https://s3.ap-south-1.amazonaws.com/nushop-catalogue/68c015dd317e68f10e190e4c/cat_img/__dDdzOa_NQWFJ6X94O_2026-07-17_4.png","https://s3.ap-south-1.amazonaws.com/nushop-catalogue/68c015dd317e68f10e190e4c/cat_img/__dDdzOa_4EAO8OFGTU_2026-07-17_5.png","","","","","","","","","size","108x108 inches","","Bring home the warmth of a golden sunset with the Sunset Sorbet Bedsheet Set by Aaram Homes. Designed in cheerful burnt orange and vibrant pink stripes, this bedsheet instantly brightens your bedroom while maintaining a refined, contemporary aesthetic.
Crafted from 100% pure cotton with a luxurious 300 thread count, it feels incredibly soft, breathable, and gentle against your skin. Whether you're starting your day with sunshine pouring through the windows or winding down after a long day, this bedsheet creates a cozy space that feels fresh, inviting, and effortlessly comfortable.
The timeless striped pattern blends beautifully with modern, minimalist, and contemporary interiors, making it a versatile addition to your bedding collection. Because every beautiful day begins with a comfortable bed.

Key Features
- Premium 100% Pure Cotton fabric
- Luxurious 300 Thread Count weave
- Soft, smooth and breathable for year-round comfort
- Skin-friendly and gentle on sensitive skin
- Modern striped design that complements contemporary interiors
- Durable fabric with excellent stitch quality

FAQs
What fabric is this bedsheet made of?
-  Made from 100% Pure Cotton for exceptional softness, breathability, and everyday comfort.

What is the thread count?
-  This bedsheet features a 300 Thread Count, offering a smooth, premium feel with enhanced durability.

What size is the bedsheet?
-  It is a King Size bedsheet measuring 108 × 108 inches.

What is included in the package? 
- The set includes 1 King Size Bedsheet and 2 matching Pillow Covers.

Is it suitable for daily use?
-  Yes. The breathable cotton fabric, durable weave, and colourfast finish make it ideal for everyday use while maintaining its luxurious feel wash after wash.

Which bedroom styles does it complement?
-  Its modern striped design pairs beautifully with minimalist, Scandinavian, and modern interiors, adding a vibrant yet sophisticated touch.","1",true,"","Panipat_132103_0180d","","","",,"Modern Minimalist, Everyday Premium",,"Burnt Orange, Pink",,"300 TC Pure Cotton","Classic Vertical Stripes",,,,,,,,,,,,,,,,,,,,"1 King Size Pure Cotton Bedsheet (108 × 108 inches),  2 Matching Pillow Covers",,,,,,,,,,,,,,,,
"TLS-BB-GEO-QDB","","Geometric Design Bedsheet Set - with 2 Cushions & 2 pillow covers","TLS-BB-GEO-QDB",999,1999,370,0,58,35,5,"2",5,"https://s3.ap-south-1.amazonaws.com/nushop-catalogue/68c015dd317e68f10e190e4c/cat_img/Wn9qAg7D_R4YY33XAYJ_2026-05-29_1.png","https://s3.ap-south-1.amazonaws.com/nushop-catalogue/68c015dd317e68f10e190e4c/cat_img/Wn9qAg7D_KG6AWI77A2_2026-05-29_2.png","https://s3.ap-south-1.amazonaws.com/nushop-catalogue/68c015dd317e68f10e190e4c/cat_img/Wn9qAg7D_Z6F413GFYB_2026-05-29_3.png","https://s3.ap-south-1.amazonaws.com/nushop-catalogue/68c015dd317e68f10e190e4c/cat_img/Wn9qAg7D_U5MSKG88XW_2026-05-29_4.png","","","","","","","","","home__home_improvement__utility","size","90 x 100 Inches","Yellow ,Blue ,Grey & Beige","Modern Yellow Geometric Bed Sheet Set (With Quilted Pillow covers & filled Cushions)
Give your bedroom a fresh, modern upgrade with this stylish bed sheet set featuring a bold yellow geometric pattern. The design includes interlocking triangles and diamonds in soothing shades of yellow, light blue, grey, white, and beige.
The set comes with 2 quilted pillow covers and 2 quilted cushions that add a soft, cozy layer to your bed while enhancing the overall aesthetic. Made from comfortable, high-quality fabric, this set blends style and comfort beautifully.
A perfect choice for anyone who loves elegant & modern decor.","6",true,"","Panipat_132103_0180d","","","",,"Modern/Contemporary",,,,,"Geometric (triangles and diamonds)",,,,,,"1 Bedsheet: 90 x 100 Inches, 2 quilted pillow covers: 18 x 28 inches, 2 cushions with fillers: 12 x 12 inches","Yellow, Blue, Grey & Beige","Aaram Homes"," 160 GSM Cotton blend","Home",,,"India","1 Double Bedsheet + 2 Pillow Covers + 2 cushions with fillers",,,,,,,,,,,,,,,,,,,,,,
"PINKRAINBOW-BDH-4060","","Pure Mulmul Reversible Kids Dohar – Mermaid & Rainbow Print","103BDH",1049,1699,500,7,35,27,4,"1.2",5,"https://s3.ap-south-1.amazonaws.com/nushop-catalogue/68c015dd317e68f10e190e4c/cat_img/UNJJii2U_33256ZONHE_2026-07-03_1.jpeg","https://s3.ap-south-1.amazonaws.com/nushop-catalogue/68c015dd317e68f10e190e4c/cat_img/Pure_Mulmul_Reversible_Baby_Dohar___Mermaid___Rainbow_Print_J1WQH1CE3S_2026-07-01_2.jpeg","https://s3.ap-south-1.amazonaws.com/nushop-catalogue/68c015dd317e68f10e190e4c/cat_img/UNJJii2U_U0WYLCVQST_2026-07-03_2.jpeg","https://s3.ap-south-1.amazonaws.com/nushop-catalogue/68c015dd317e68f10e190e4c/cat_img/Pure_Mulmul_Reversible_Baby_Dohar___Mermaid___Rainbow_Print_77S9Y0KRGR_2026-07-01_3.jpeg","https://s3.ap-south-1.amazonaws.com/nushop-catalogue/68c015dd317e68f10e190e4c/cat_img/Pure_Mulmul_Reversible_Baby_Dohar___Mermaid___Rainbow_Print_AMXI1RAUBV_2026-07-01_4.jpeg","","","","","","","","kids_baby__home_dcor__bedsheets","size","40x60 inches","","Wrap your little one in cloud-like comfort with the Aaram Homes Pure Mulmul Reversible Baby Dohar, thoughtfully crafted from premium 100% cotton. Designed to keep babies comfortable throughout the year, this lightweight 3-layer muslin dohar is exceptionally soft, breathable, and gentle on delicate skin.

Featuring an enchanting Mermaid & Rainbow print on one side and a playful pink cross pattern on the reverse, this dohar offers two adorable looks in one. The vibrant rainbow-striped piping adds a cheerful finishing touch, making it perfect for nurseries, cots, strollers, nap time, and travel.

Whether it’s afternoon naps, bedtime cuddles, or tummy time, this dohar provides cozy comfort without overheating, making it an ideal companion for every season.

Beautifully designed and made with love, it’s also a thoughtful baby shower, newborn, or birthday gift.


Key Features

✔ Premium 100% Pure Mulmul Cotton

✔ Soft 3-Layer Muslin Construction

✔ Gentle on Sensitive Baby Skin

✔ Lightweight & Breathable

✔ Reversible Design with Two Unique Prints
✔ Ideal for All Seasons
✔ Naturally Airy & Comfortable
✔ Fade Resistant Prints
✔ Perfect for Sleep, Travel & Playtime
✔ Machine Washable
✔ Baby Safe Fabric


Is this baby dohar made of pure cotton?
Yes. It is made from 100% pure mulmul cotton, making it soft, breathable, and safe for delicate baby skin.

Is this dohar suitable for summer?
Yes. The lightweight 3-layer muslin construction provides excellent airflow, making it ideal for summer, air-conditioned rooms, and year-round use.

Can newborn babies use this dohar?
Absolutely. The soft mulmul fabric is gentle enough for newborns and comfortable for toddlers as they grow.

Is the dohar reversible?
Yes. It features two charming designs-a whimsical mermaid and rainbow print on one side and a playful pink cross pattern on the other.

What size is the dohar?
The dohar measures 40 × 60 inches (102 × 152 cm), suitable for cribs, toddler beds, and everyday use

","2",true,"","Panipat_132103_0180d","","","","Mermaid & Rainbow Fantasy Print (Reversible)","Cute & Playful | Storybook inspired","White, Pink, Rainbow Multicolour",,,,,,,,,,,,,,,,,,,,,,,,,"102x152 cms",,,,,,,,,,,,,,,
"KD-PINKGULBAHAR-KDB","","Blush Pink Gulbahar Handblock Printed Cotton Bedsheet Set","102BS",1349,2699,600,12,38,30,4,"1.2",5,"https://s3.ap-south-1.amazonaws.com/nushop-catalogue/68c015dd317e68f10e190e4c/cat_img/NgJIjKDp_RKLV70JOJK_2026-02-08_2.jpeg","https://s3.ap-south-1.amazonaws.com/nushop-catalogue/68c015dd317e68f10e190e4c/cat_img/NgJIjKDp_9IT97LU58N_2026-02-08_4.jpeg","https://s3.ap-south-1.amazonaws.com/nushop-catalogue/68c015dd317e68f10e190e4c/cat_img/NgJIjKDp_692E1AQK5P_2026-02-08_1.jpeg","https://s3.ap-south-1.amazonaws.com/nushop-catalogue/68c015dd317e68f10e190e4c/cat_img/NgJIjKDp_IZIXT7S020_2026-02-08_3.jpeg","","","","","","","","","","size","100*108 inches","Blush Pink","Add timeless elegance to your bedroom with this aeshtetic Blush  Pink Gulbahar Handblock Printed Cotton Bedsheet Set, crafted using traditional handblock printing techniques and natural colours.

 Featuring a soft blush pink base adorned with intricate floral vines and bird motifs, this bedsheet reflects the beauty of Indian craftsmanship blended with a gentle, pastel aesthetic.

Made from 100% pure cotton, this handblock printed bedsheet is breathable, skin-friendly, and perfect for year-round comfort. The use of eco-friendly natural dyes gives the fabric a soft, earthy finish while ensuring a calm and soothing sleep experience. Each piece is individually hand printed by skilled artisans, making every bedsheet unique in character and charm.
Ideal for customers searching for handblock printed aesthetic cotton bedsheets with natural dyes, this design brings warmth, elegance, and heritage luxury into modern homes.


Note : We strive to present our products as accurately as possible; however, slight variations in colour may occur due to photography and individual screen settings.","6",true,"","Panipat_132103_0180d","","","",,,,,,,"Handcrafted Indian Bedding
Vintage Botanical
Pastel Heritage Luxury
Eco-friendly & Sustainable Home Linen",,,,,,,"Traditional handblock printed floral and bird motif inspired by botanical gardens, finished with a detailed ornamental border.","Blush Pink / Soft Rose",,,,,,,,,"Gentle hand wash or machine wash separately. Use mild detergent. Do not soak or bleach. Dry in shade to maintain natural colour.",,,,,,,,,,,,,,,,,,,
"AH-APR-DNM-WP","","Waterproof Denim Kitchen Apron with Pocket |  Stylish Kitchen Apron","101KE",399,799,110,6,30,25,2,".6",5,"https://s3.ap-south-1.amazonaws.com/nushop-catalogue/68c015dd317e68f10e190e4c/cat_img/Waterproof_Denim_Kitchen_Apron_with_Pocket____Stylish_Cooking___Baking_Apron_98VAXS5H5Z_2026-05-20_1.png","https://s3.ap-south-1.amazonaws.com/nushop-catalogue/68c015dd317e68f10e190e4c/cat_img/Waterproof_Denim_Kitchen_Apron_with_Pocket____Stylish_Cooking___Baking_Apron_0TDLXZ2DUB_2026-05-20_3.png","https://s3.ap-south-1.amazonaws.com/nushop-catalogue/68c015dd317e68f10e190e4c/cat_img/Waterproof_Denim_Kitchen_Apron_with_Pocket____Stylish_Cooking___Baking_Apron_UHPOVB7FQL_2026-05-20_2.png","https://s3.ap-south-1.amazonaws.com/nushop-catalogue/68c015dd317e68f10e190e4c/cat_img/Waterproof_Denim_Kitchen_Apron_with_Pocket____Stylish_Cooking___Baking_Apron_18N4W9EKAY_2026-05-20_4.png","https://s3.ap-south-1.amazonaws.com/nushop-catalogue/68c015dd317e68f10e190e4c/cat_img/Waterproof_Denim_Kitchen_Apron_with_Pocket____Stylish_Cooking___Baking_Apron_0PGNF9Q6VQ_2026-05-20_5.png","","","","","","","","","variant","Free Size","Dark Denim Blue with White Strap","Upgrade your kitchen experience with this stylish waterproof denim apron designed for modern women who love cooking, baking, gardening, or cafe-style kitchen aesthetics. Crafted in a premium dark denim-look fabric, this apron features a trendy illustrated front pocket that adds a chic and playful touch.
The apron comes with a waterproof backing layer to help protect your clothes from spills, splashes, oil stains, and kitchen messes. Its lightweight yet durable design ensures comfort during long cooking sessions while maintaining a fashionable look.
Perfect for home chefs, bakers, café owners, artists, and gifting purposes, this apron combines functionality with elegant style.

Key Features:-
- Waterproof layer at the back for added protection
- Premium denim-look fabric finish
- Stylish illustrated utility pocket
- Comfortable neck strap design
- Lightweight, durable & easy to maintain
- Ideal for cooking, baking, gardening & café use
- Full coverage protection for everyday kitchen tasks

Modern aesthetic suitable for home & studio kitchens","6",true,"","Panipat_132103_0180d","","","",,"Modern Kitchen Aesthetic | Casual Kitchenwear",,,,,,,,"Cooking, Baking, Kitchen Work, Gardening, Pottery & Art Cafe & Bakery Staff, Home Use",,,,,,,,,,,,,,,,,,,"Soft, lightweight denim-look fabric with waterproof backing","Waterproof Protection, Stylish Denim Finish","Functional Front Pocket","Dark Denim Blue",,,,,,,,,,,
"PETAL-DREAMS-QUILTED-DOHAR-QDB","","Petal Dreams Reversible Quilted Dohar – Double Bed","103QD",1249,1899,510,8,38,30,6,"1.8",5,"https://s3.ap-south-1.amazonaws.com/nushop-catalogue/68c015dd317e68f10e190e4c/cat_img/B75xmCo14yrX_S1RCHPRZVE_2026-08-31_1.png","https://s3.ap-south-1.amazonaws.com/nushop-catalogue/68c015dd317e68f10e190e4c/cat_img/B75xmCo14yrX_I27ZFP0ZPN_2026-08-31_2.png","https://s3.ap-south-1.amazonaws.com/nushop-catalogue/68c015dd317e68f10e190e4c/cat_img/Petal_Dreams_Reversible_Quilted_Dohar___Double_Bed_IPRY6J2AEO_2026-08-31_1.png","https://s3.ap-south-1.amazonaws.com/nushop-catalogue/68c015dd317e68f10e190e4c/cat_img/Petal_Dreams_Reversible_Quilted_Dohar___Double_Bed_BONSC9WIFH_2026-08-31_4.png","https://s3.ap-south-1.amazonaws.com/nushop-catalogue/68c015dd317e68f10e190e4c/cat_img/Petal_Dreams_Reversible_Quilted_Dohar___Double_Bed_H3QFUYWTBT_2026-08-31_5.png","https://s3.ap-south-1.amazonaws.com/nushop-catalogue/68c015dd317e68f10e190e4c/cat_img/Petal_Dreams_Reversible_Quilted_Dohar___Double_Bed_KDDP078YJZ_2026-08-31_6.png","","","","","","","","size","90 x 100 Inches","Baby Pink","Where delicate blooms meet everyday comfort.
Bring a soft, dreamy charm to your bedroom with Petal Dreams, a beautifully crafted reversible quilted dohar from Aaram Homes.
The floral side features delicate white blossoms, graceful botanical branches and fine floral detailing on a soothing blush-pink background. Turn it over and discover a subtle pink-and-white leafy pattern for a softer, more understated look.
Designed to give you the freedom to change your bedroom's mood, Petal Dreams offers two beautiful looks in one reversible dohar.
Whether you're creating a peaceful retreat after a long day or simply refreshing your bedroom décor, its gentle floral palette and quilted texture bring together comfort, elegance and effortless style.

One dohar. Two designs. A little more beauty in every bedtime.

Why You'll Love It:
- Reversible Design — Two beautiful coordinating patterns in one dohar.
- Elegant Floral Front — Delicate blooms and botanical branches create a graceful look.
- Beautiful Leafy Reverse — Turn it over for a subtle, minimal botanical aesthetic.
- Soft Blush-Pink Palette — Creates a calm, warm and inviting bedroom.
- Quilted Texture — Adds a beautiful dimensional texture and refined finish.
- Double Bed Size — Designed for double-bed styling.
- Easy Bedroom Refresh — Change the look simply by reversing the dohar.","2",true,"","Panipat_132103_0180d",6304,"","",,"• Floral • Botanical • Romantic","Baby Pink",,,,"Reversible Floral & Botanical",,,,,,,,,,,,,,,,,,,,,,,,,,"Reversible Quilted Dohar/Comforter",,,,,,,,,,
"TLS-BB-GREY-QDB","","Grey Floral  Bedsheet Set with 2 cushions","TLS-BB-GREY-QDB",999,1999,360,14,62,34,6,"1.5",5,"https://s3.ap-south-1.amazonaws.com/nushop-catalogue/68c015dd317e68f10e190e4c/cat_img/7KtxKnZq_33EQUWEGAT_2025-10-04_2.png","https://s3.ap-south-1.amazonaws.com/nushop-catalogue/68c015dd317e68f10e190e4c/cat_img/7KtxKnZq_BYLT9PI7BQ_2025-10-04_1.png","https://s3.ap-south-1.amazonaws.com/nushop-catalogue/68c015dd317e68f10e190e4c/cat_img/7KtxKnZq_SF3AD5K1WB_2025-10-04_3.png","","","","","","","","","","home__home_improvement__utility","size","90 x 100 Inches","Multicolor","Makeover your bedroom into a cosy and chic retreat with our Dusty Rose Grey Bed Sheet Set. This bedding set features an elegant floral pattern of full-blooming peonies in soft taupe and dusty rose hues, set against a sophisticated dark grey background. The muted, earthy tones create a serene and stylish atmosphere, perfect for a modern, rustic, or bohemian-inspired space.

Crafted from quality, soft blend cotton, this bedsheet set provides exceptional comfort and a smooth feel. The durable fabric and beautiful print are designed to last, ensuring the colours remain rich and true, wash after wash. The set includes a bedsheet, two matching quilted pillow covers, and two quilted cushions with fillers, allowing you to easily complete a stylish and inviting bedding look.

- Made from premium cotton blend fabric.
- Features an elegant peony floral pattern in muted tones.
- Durable, comfortable, and fade-resistant.","6",true,"","Panipat_132103_0180d","","","",,"Modern, Elegant, Bohemian",,,,,"Floral (Peony)",,,,,,"Bedsheet: 90 x 100 Inches
2 quilted pillow covers: 18 x 28 inches
2 cushions with fillers: 12 x 12 inches","Multicolor","Aaram Homes","Cotton blend 180 GSM","Home","Premium Quality","Built with high-quality, durable materials","India","1 Double Bedsheet + 2 Pillow Covers","Eco-friendly packaging",,,,,,,,,,,,,,,,,,,,,
"AH-PINK-DUAL-SKDB","","Pink Candy Dual-Tone Gradient Bedsheet Set- 400TC","145BS",1999,2899,999,5,38,30,4,"1.2",5,"https://s3.ap-south-1.amazonaws.com/nushop-catalogue/68c015dd317e68f10e190e4c/cat_img/Pink_Candy_Dual_Tone_Gradient_Bedsheet_Set__400TC_SR7TBV3NPM_2026-08-01_1.png","https://s3.ap-south-1.amazonaws.com/nushop-catalogue/68c015dd317e68f10e190e4c/cat_img/Pink_Candy_Dual_Tone_Gradient_Bedsheet_Set__400TC_N7U2ZNF7OY_2026-08-01_2.png","https://s3.ap-south-1.amazonaws.com/nushop-catalogue/68c015dd317e68f10e190e4c/cat_img/Pink_Candy_Dual_Tone_Gradient_Bedsheet_Set__400TC_BUQIZQ37IM_2026-08-01_3.png","https://s3.ap-south-1.amazonaws.com/nushop-catalogue/68c015dd317e68f10e190e4c/cat_img/Pink_Candy_Dual_Tone_Gradient_Bedsheet_Set__400TC_V3V5B89AOJ_2026-08-01_4.png","https://s3.ap-south-1.amazonaws.com/nushop-catalogue/68c015dd317e68f10e190e4c/cat_img/Pink_Candy_Dual_Tone_Gradient_Bedsheet_Set__400TC_QJIG31BUOK_2026-08-01_5.png","https://s3.ap-south-1.amazonaws.com/nushop-catalogue/68c015dd317e68f10e190e4c/cat_img/Pink_Candy_Dual_Tone_Gradient_Bedsheet_Set__400TC_4EDYB7N2ZY_2026-08-01_6.png","","","","","","","","size","110*110 inches","Pink","Some moments don't need grand celebrations, they simply begin with coming home.

As the evening light filters through your window, the Pink Candy Ombre Bedsheet Set transforms your bedroom into a space of calm. Its graceful gradient flows from a delicate blush pink to a deeper rosy hue, mirroring the soft colours of a sunset. The gentle transition creates a soothing atmosphere, inviting you to slow down, unwind, and embrace the comfort of your own sanctuary.
Woven from 100% Pure Cotton with a luxurious 400 thread count, every touch feels smooth, breathable, and incredibly soft against your skin. The matching ombre pillow covers complete the harmonious look, bringing a sense of effortless elegance to your bedroom without overwhelming the space.

Whether you're curling up with your favourite book, enjoying a quiet morning coffee, or sinking into bed after a long day, the Pink Candy Ombre Bedsheet Set surrounds you with comfort that feels both luxurious and familiar.


Reasons You'll Love It:
- Premium 400 TC Pure Cotton
- Soft, Skin-Friendly & Breathable fabric
- Fade-Resistant & Durable construction
- - Elegant Pink Dual-tone Gradient creates a calming, sophisticated look that enhances any bedroom.

FAQs
- What fabric is this bedsheet made from?
Made from 100% Pure Cotton with a luxurious 400 thread count for exceptional softness and breathability.

- What makes this bedsheet unique?
Its elegant Pink Candy ombre gradient and matching pillow covers create a premium, designer-inspired look.

- Is it suitable for year-round use?
Yes. The breathable pure cotton fabric provides comfort in every season.

- Which bedroom styles does it complement?
It pairs beautifully with modern, Scandinavian, Japandi, contemporary, and luxury interiors.

- Is the colour long-lasting?
Yes. The high-quality fabric and colour-fast finish help maintain the beautiful ombre shades even after repeated washing.","2",true,"","Panipat_132103_0180d","","","",,"Soft Luxury | Scandinavian","Pink",,,"100% Pure Cotton","Solid Dual-tone Gradient",,,,,,,,,,,,,,,,,,,,,,,,,,,,,,,,,,,,
"KD-MDB-MARIGOLD-SK","","Marigold Bloom Pure Cotton Super King size Bedsheet Set","105BS",1499,3299,750,16,38,30,4,"1.3",5,"https://s3.ap-south-1.amazonaws.com/nushop-catalogue/68c015dd317e68f10e190e4c/cat_img/Marigold_Bloom_Pure_Cotton_Bedsheet_with_2_Pillow_Covers_AO8YBTU085_2026-01-03_1.jpeg","https://s3.ap-south-1.amazonaws.com/nushop-catalogue/68c015dd317e68f10e190e4c/cat_img/Marigold_Bloom_Pure_Cotton_Bedsheet_with_2_Pillow_Covers_3VZ3WLMVCU_2026-01-03_2.jpeg","https://s3.ap-south-1.amazonaws.com/nushop-catalogue/68c015dd317e68f10e190e4c/cat_img/Marigold_Bloom_Pure_Cotton_Bedsheet_with_2_Pillow_Covers_TN2XX91PRM_2026-01-03_3.jpeg","https://s3.ap-south-1.amazonaws.com/nushop-catalogue/68c015dd317e68f10e190e4c/cat_img/Marigold_Bloom_Pure_Cotton_Bedsheet_with_2_Pillow_Covers_MZL5UZRNIX_2026-01-03_4.jpeg","https://s3.ap-south-1.amazonaws.com/nushop-catalogue/68c015dd317e68f10e190e4c/cat_img/qzHdrVJR_NU1M58S3AT_2026-05-21_1.png","","","","","","","","others_68c015dd317e68f10e190e4c__others__bedsheets","size","110*110 inches","","Brighten your bedroom with the warmth of nature using this pure cotton floral bedsheet featuring soft marigold and mustard blooms on an elegant ivory base.
Made from 100% breathable cotton, it feels light, skin-friendly, and soothing, perfect for everyday comfort and sun-lit modern homes.

Key Features:-
- 100% Pure Cotton Fabric – Soft, breathable, and gentle on the skin for all-night comfort.
- Elegant Floral Design – delicate marigold and mustard blooms.
- Skin-Friendly & Lightweight – Perfect for everyday use in all seasons.
- Fade-resistant floral patterns
- Soft & Comfortable Texture
- Easy Maintenance - Machine washable and quick drying

Perfect for Modern Homes – Brightens bedrooms with a warm, fresh, nature-inspired aesthetic.","6",true,"","Panipat_132103_0180d","","","",,,,,,,,,,,,,,,,,,,,,,,,,,,,,,,,,,,,,,,,,,,
"KD-AL-IG-KDB","","Indigo Garden Pure Cotton King size Bedsheet set","KD-AL-IG-KDB",1190,2499,500,6,38,30,4,"1.3",5,"https://s3.ap-south-1.amazonaws.com/nushop-catalogue/68c015dd317e68f10e190e4c/cat_img/aivqL9BU_162IGMMWRT_2025-10-04_2.png","https://s3.ap-south-1.amazonaws.com/nushop-catalogue/68c015dd317e68f10e190e4c/cat_img/aivqL9BU_HJ0DZ1HUWT_2025-10-04_3.png","https://s3.ap-south-1.amazonaws.com/nushop-catalogue/68c015dd317e68f10e190e4c/cat_img/aivqL9BU_8Z2UIOYTY9_2025-10-04_1.png","","","","","","","","","","home__home_improvement__utility","size","100 x 108 Inches","Blue, Indigo & Grey","This Beautiful Indigo Garden Bedsheet Set is a masterpiece of intricate design. Featuring a captivating floral pattern in a soothing palette of tranquil blue and deep indigo, it’s complemented by subtle earthy tones. The detailed botanical print adds a layer of sophistication and artistry to your space, creating a serene and stylish retreat.

Made from high-quality, breathable cotton, this bedsheet set promises a soft and comfortable feel for a truly cosy night’s sleep. The vibrant, lasting colours and intricate design make it a perfect centrepiece for any bedroom decor, from traditional to contemporary. The set includes a bedsheet and two matching pillow covers, allowing you to effortlessly complete your bedding ensemble.

Features:
- Made from 100% premium, breathable cotton.
- Intricate floral and botanical pattern in blue and indigo.
- Durable and colour-fast for long-lasting beauty.","6",true,"","Panipat_132103_0180d","","","",,"Traditional, Elegant, Artistic",,,,,"Intricate Floral / Botanical",,,,,,"Bedsheet: 100 x 108 Inches; 2 large pillow covers","Blue, Indigo & Grey","Aaram Homes","Pure Cotton","Home","Premium Quality","Built with high-quality, durable materials","India","1 Double Bedsheet + 2 Pillow Covers","Eco-friendly packaging",,,,,,,,,,,,,,,,,,,,,
"TLS-MP-DR-DBF","","Mattress Cover | Protector | 100% Waterproof | Dark Red","102MP",1499,2999,760,5,33,27,11,"1.3",5,"https://s3.ap-south-1.amazonaws.com/nushop-catalogue/68c015dd317e68f10e190e4c/cat_img/X3qPxcRS_2JOFO83M81_2025-10-04_1.jpg","https://s3.ap-south-1.amazonaws.com/nushop-catalogue/68c015dd317e68f10e190e4c/cat_img/X3qPxcRS_L3414CRQVX_2025-10-04_2.jpg","https://s3.ap-south-1.amazonaws.com/nushop-catalogue/68c015dd317e68f10e190e4c/cat_img/X3qPxcRS_2O9MBE6N8K_2025-10-04_3.jpg","https://s3.ap-south-1.amazonaws.com/nushop-catalogue/68c015dd317e68f10e190e4c/cat_img/X3qPxcRS_7MJS6RD9DF_2025-11-09_1.jpg","https://s3.ap-south-1.amazonaws.com/nushop-catalogue/68c015dd317e68f10e190e4c/cat_img/X3qPxcRS_II185WSP0I_2025-11-09_2.jpg","https://s3.ap-south-1.amazonaws.com/nushop-catalogue/68c015dd317e68f10e190e4c/cat_img/X3qPxcRS_GHG9JR09J1_2025-11-09_3.jpg","https://s3.ap-south-1.amazonaws.com/nushop-catalogue/68c015dd317e68f10e190e4c/cat_img/X3qPxcRS_EB32UUFDRI_2025-11-09_4.jpg","https://s3.ap-south-1.amazonaws.com/nushop-catalogue/68c015dd317e68f10e190e4c/cat_img/X3qPxcRS_4KOO6LABMR_2025-11-09_5.jpg","","","","","home__home_improvement__utility","size","72x78 + 12""","Dark Red","Keep your mattress safe and make your bed look stylish with this Dark Red Waterproof Quilted Mattress Protector. Its soft, quilted top adds an extra layer of comfort, while the waterproof backing protects your mattress from spills, stains, dust, and allergens. It’s a perfect blend of comfort, hygiene, and durability for everyday use.
Key Features:
Soft quilted fabric for extra comfort
- 100% waterproof and dust-resistant protection
- Breathable material to keep your mattress fresh
- Deep pockets for a snug, secure fit on all standard mattresses
- Super Easy to wash and maintain","6",true,"","Panipat_132103_0180d","","","",,"Fitted style with deep pockets",,,,,"Diamond quilted pattern",,,,,,"Mattress protector: 72x78 + 12""tor","Dark Red","Aaram Homes","Cotton on top and waterproof sheet below","Home","Premium Quality","Built with high-quality, durable materials","India","1 mattress protector","Eco-friendly packaging",,,,,,,,,,,,,,,,,,,,,
"TLS-MP-PW-DBF","","100% Waterproof Mattress Cover - Pearl White","103MP",1499,2999,760,8,33,27,11,"2.5",5,"https://s3.ap-south-1.amazonaws.com/nushop-catalogue/68c015dd317e68f10e190e4c/cat_img/TLS_MP_PW_DBF_1759709697427_gbb2ul64mb4nzdq.jpg","https://s3.ap-south-1.amazonaws.com/nushop-catalogue/68c015dd317e68f10e190e4c/cat_img/jj37m6yU_WKXC5AO6EE_2025-10-14_1.jpg","https://s3.ap-south-1.amazonaws.com/nushop-catalogue/68c015dd317e68f10e190e4c/cat_img/jj37m6yU_PWX4GAGDJO_2025-10-14_2.jpg","https://s3.ap-south-1.amazonaws.com/nushop-catalogue/68c015dd317e68f10e190e4c/cat_img/jj37m6yU_7J07NDNFON_2025-10-14_3.jpg","","","","","","","","","home__home_improvement__utility","size","72x78 + 12""","Pearl White","Keep your mattress safe and make your bed look stylish with this Pearl White Waterproof Quilted Mattress Protector. Its soft, quilted top adds an extra layer of comfort, while the waterproof backing protects your mattress from spills, stains, dust, and allergens. It’s a perfect blend of comfort, hygiene, and durability for everyday use.
Key Features:
- Soft quilted fabric for extra comfort
- 100% waterproof and dust-resistant protection
- Breathable material to keep your mattress fresh
- Deep pockets for a snug, secure fit on all standard mattresses
- Super Easy to wash and maintain","6",true,"","Panipat_132103_0180d","","","",,"Fitted style with deep pockets",,,,,"Diamond quilted pattern",,,,,,"1 Mattress protector: 72x78 + 12""","Pearl White","Aaram Homes","Cotton on top and waterproof sheet below","Home","Premium Quality","Built with high-quality, durable materials","India","1 mattress protector for double bed","Eco-friendly packaging",,,,,,,,,,,,,,,,,,,,,
"CAR-BDH-4060","","Pure Mulmul Kids Dohar for Babies & Toddlers – Cartoon Car Print","102BDH",1049,1499,500,44,34,26,4,".8",5,"https://s3.ap-south-1.amazonaws.com/nushop-catalogue/68c015dd317e68f10e190e4c/cat_img/Pure_Mulmul_Kids_Dohar_for_Babies___Toddlers___Cartoon_Car_Print_RPT8CLK1ZB_2026-05-28_1.png","https://s3.ap-south-1.amazonaws.com/nushop-catalogue/68c015dd317e68f10e190e4c/cat_img/Pure_Mulmul_Kids_Dohar_for_Babies___Toddlers___Cartoon_Car_Print_KMHC1ZOP3K_2026-05-28_2.png","https://s3.ap-south-1.amazonaws.com/nushop-catalogue/68c015dd317e68f10e190e4c/cat_img/Pure_Mulmul_Kids_Dohar_for_Babies___Toddlers___Cartoon_Car_Print_AE6BWLAFLZ_2026-05-28_3.png","https://s3.ap-south-1.amazonaws.com/nushop-catalogue/68c015dd317e68f10e190e4c/cat_img/Pure_Mulmul_Kids_Dohar_for_Babies___Toddlers___Cartoon_Car_Print_J6DZK8U9HE_2026-05-28_4.png","https://s3.ap-south-1.amazonaws.com/nushop-catalogue/68c015dd317e68f10e190e4c/cat_img/Pure_Mulmul_Kids_Dohar_for_Babies___Toddlers___Cartoon_Car_Print_ZDD443T31R_2026-05-28_5.png","","","","","","","","others_68c015dd317e68f10e190e4c__others__kids_dohar","size","40x60 inches","","Wrap your little one in cloud-like comfort with the Aaram Homes Pure Muslin Kids Dohar, thoughtfully crafted for babies and toddlers. 
Designed in a soothing white base with adorable multicolor cartoon cars, this ultra-soft 3-layer muslin dohar brings together comfort, breathability, and playful style.
Made from premium-quality pure muslin cotton, this lightweight baby dohar is exceptionally gentle on delicate skin and ideal for all seasons, especially summers. 
The elegant detailing, soft quilted texture, and charming green border create a luxurious nursery aesthetic while keeping your child cozy and comfortable during naps, bedtime, travel, or stroller use.
Its compact 40x60 inch size makes it perfect for toddlers, cribs, nursery beds, cots, and travel use. A beautiful blend of functionality and premium craftsmanship for parents.","6",true,"","Panipat_132103_0180d","","","","Cartoon Car Motif with Star Reverse Print Border","Modern Minimalist Kids Nursery | Baby Bedding Style",,,,,,,,,,,"40x60 inches",,,,,,,,,,,,,,,,,,,"100% Pure Cotton Muslin",,"3-Layer Soft Muslin Dohar","Lightweight & Breathable",,,,,,,,
"RUBYBLOOM-JSS-KDB","","Ruby Bloom Pure Cotton Bedsheet Set","107BS",1399,2199,600,3,38,30,8,"1.2",5,"https://s3.ap-south-1.amazonaws.com/nushop-catalogue/68c015dd317e68f10e190e4c/cat_img/Ruby_Bloom_Pure_Cotton_Bedsheet_Set_VSHIHU8QQ6_2026-06-13_1.png","https://s3.ap-south-1.amazonaws.com/nushop-catalogue/68c015dd317e68f10e190e4c/cat_img/Ruby_Bloom_Pure_Cotton_Bedsheet_Set_C814O7SBF2_2026-06-13_2.png","https://s3.ap-south-1.amazonaws.com/nushop-catalogue/68c015dd317e68f10e190e4c/cat_img/Ruby_Bloom_Pure_Cotton_Bedsheet_Set_4ZR9NQQWQV_2026-06-13_3.png","https://s3.ap-south-1.amazonaws.com/nushop-catalogue/68c015dd317e68f10e190e4c/cat_img/Ruby_Bloom_Pure_Cotton_Bedsheet_Set_HP26YUPJA8_2026-06-13_4.png","https://s3.ap-south-1.amazonaws.com/nushop-catalogue/68c015dd317e68f10e190e4c/cat_img/Ruby_Bloom_Pure_Cotton_Bedsheet_Set_9FDUBPSR69_2026-06-13_5.png","","","","","","","","","size","100 x 108 Inches","","Bring home the timeless charm of blooming florals and serene living spaces with the Ruby Blossom Cotton Bedsheet Set.
 Inspired by delicate botanical motifs and soft earthy accents, this bedsheet transforms your bedroom into a peaceful retreat where comfort meets understated elegance.
The crisp white base beautifully showcases scattered crimson floral blooms and subtle beige striped detailing, creating a refined balance between freshness and sophistication.
 Crafted from 100% pure cotton, it feels naturally soft, breathable, and comfortable against the skin, making every night's sleep more relaxing
.
Whether styled in a modern, minimal, or contemporary bedroom, the Ruby Blossom Bedsheet effortlessly adds warmth, elegance, and a touch of nature-inspired beauty to your space.

Why You'll Love It:-
✔ Made from 100% Pure Cotton
✔ Soft, breathable & skin-friendly fabric
✔ King Size bedsheet for comfortable coverage
✔ Elegant floral print with striped detailing
✔ Lightweight and suitable for all seasons
✔ Colorfast printing for long-lasting vibrancy
✔ Smooth finish for everyday comfort
✔ Easy to wash and maintain","6",true,"","Panipat_132103_0180d","","","","Botanical Floral Stripe Print","Classic botanical aesthetics",,"Warm Neutral with Rich Red Accents","1 King Size Bedsheet + 2 Large Pillow Covers",,,,,,,,,,,,,,,,,,,,,,,,,,,,,,,,,,,,,,
"AH-BAGH-NEEL-JSS-KDB","","Bagh-e-Neel Pure Cotton Stripes Bedsheet Set - with 2 Pillow Covers","148BS",1399,2199,600,8,38,30,4,"1.2",5,"https://s3.ap-south-1.amazonaws.com/nushop-catalogue/68c015dd317e68f10e190e4c/cat_img/Bagh_e_Neel_Pure_Cotton_Stripes_Bedsheet_Set___with_2_Pillow_Covers_5PD4P4TPU8_2026-06-15_1.jpg","https://s3.ap-south-1.amazonaws.com/nushop-catalogue/68c015dd317e68f10e190e4c/cat_img/Bagh_e_Neel_Pure_Cotton_Stripes_Bedsheet_Set___with_2_Pillow_Covers_O3LJ0AMQAS_2026-06-15_2.jpg","https://s3.ap-south-1.amazonaws.com/nushop-catalogue/68c015dd317e68f10e190e4c/cat_img/Bagh_e_Neel_Pure_Cotton_Stripes_Bedsheet_Set___with_2_Pillow_Covers_RK5T59X6HX_2026-06-15_3.jpg","https://s3.ap-south-1.amazonaws.com/nushop-catalogue/68c015dd317e68f10e190e4c/cat_img/Bagh_e_Neel_Pure_Cotton_Stripes_Bedsheet_Set___with_2_Pillow_Covers_RV7UDTBBTT_2026-06-15_4.jpg","https://s3.ap-south-1.amazonaws.com/nushop-catalogue/68c015dd317e68f10e190e4c/cat_img/Bagh_e_Neel_Pure_Cotton_Stripes_Bedsheet_Set___with_2_Pillow_Covers_WDG8CIF20L_2026-06-15_5.jpg","https://s3.ap-south-1.amazonaws.com/nushop-catalogue/68c015dd317e68f10e190e4c/cat_img/Bagh_e_Neel_Pure_Cotton_Stripes_Bedsheet_Set___with_2_Pillow_Covers_KQH4IZ64JF_2026-06-15_6.jpg","","","","","","","home__home_furnishing__bed_linen","size","100 x 108 Inches","Blue","Inspired by the quiet beauty of a blue garden kissed by the morning breeze, this pure cotton bedding set brings freshness, comfort, and timeless charm to your bedroom.

Bagh-e-Neel brings a refreshing sense of calm to your bedroom. Delicate botanical motifs dance across soft blue stripes, creating a design that feels both timeless and uplifting.
Like a peaceful morning walk through a blooming garden after a gentle rain, this bedsheet set transforms your space into a serene one. The soothing blue tones add freshness to your room, while the pure cotton fabric wraps you in breathable comfort throughout the year.
Whether you're beginning a busy day or winding down after one, Bagh-e-Neel creates the perfect backdrop for moments of rest, comfort, and quiet luxury.

Crafted from pure cotton, it is soft against the skin, naturally breathable, and designed for everyday living.

Reasons Why You'll Love It:-
✔ 100% Pure Cotton Comfort
✔ Soft & Breathable Feel
✔ Fresh Botanical Print
✔ Elegant Blue Stripe Design
✔ Perfect for Everyday Use
✔ Easy Care & Long Lasting","2",true,"","Panipat_132103_0180d","","","","Botanical Floral & Stripe Print","Nature Inspired | Contemporary",,"Blue, White & Green","1 King Size Bedsheet + 2 Pillow Covers","Pure cotton",,,,,,,,,,,,,,,,,,,,,,,,,,,,,,,,,,,,,
"GULAB-GULZAR-PNK-KDB","","Gulab Gulzar – Pink Rose Floral Bedsheet Set - with 2 Pillow Covers","143BS",1349,1999,600,10,38,30,4,"1",5,"https://s3.ap-south-1.amazonaws.com/nushop-catalogue/68c015dd317e68f10e190e4c/cat_img/Gulab_Gulzar___Pink_Rose_Floral_Bedsheet_Set___with_2_Pillow_Covers_Q24G9SW6GC_2026-08-31_1.png","https://s3.ap-south-1.amazonaws.com/nushop-catalogue/68c015dd317e68f10e190e4c/cat_img/Gulab_Gulzar___Pink_Rose_Floral_Bedsheet_Set___with_2_Pillow_Covers_0IN5JX3XW0_2026-08-31_2.png","https://s3.ap-south-1.amazonaws.com/nushop-catalogue/68c015dd317e68f10e190e4c/cat_img/Gulab_Gulzar___Pink_Rose_Floral_Bedsheet_Set___with_2_Pillow_Covers_BJMX1O9FKY_2026-08-31_3.png","https://s3.ap-south-1.amazonaws.com/nushop-catalogue/68c015dd317e68f10e190e4c/cat_img/Gulab_Gulzar___Pink_Rose_Floral_Bedsheet_Set___with_2_Pillow_Covers_KO9KH3SV6C_2026-08-31_4.png","https://s3.ap-south-1.amazonaws.com/nushop-catalogue/68c015dd317e68f10e190e4c/cat_img/Gulab_Gulzar___Pink_Rose_Floral_Bedsheet_Set___with_2_Pillow_Covers_AZN55ITWJ1_2026-08-31_5.png","https://s3.ap-south-1.amazonaws.com/nushop-catalogue/68c015dd317e68f10e190e4c/cat_img/Gulab_Gulzar___Pink_Rose_Floral_Bedsheet_Set___with_2_Pillow_Covers_H2OEQBG9ZW_2026-08-31_6.png","https://s3.ap-south-1.amazonaws.com/nushop-catalogue/68c015dd317e68f10e190e4c/cat_img/Gulab_Gulzar___Pink_Rose_Floral_Bedsheet_Set___with_2_Pillow_Covers_0N5KE3GBKJ_2026-08-31_7.png","","","","","","home__home_furnishing__bed_linen","size","100 x 108 Inches","Ivory","Some bedrooms simply feel like home the moment you walk in. Gulab Gulzar is designed for that feeling.
Imagine a quiet morning, soft sunlight slipping through the curtains, and a bed dressed in warm ivory, scattered with delicate pink roses. The fine striped texture adds a subtle layer of elegance, while the little green leaves bring a touch of nature indoors. Nothing feels too loud or overwhelming - just soft, graceful and beautifully balanced.

The two plain ivory pillow covers keep the look calm and refined, letting the floral bedsheet take centre stage. Together, the gentle roses and warm neutral base create a bedroom that feels romantic yet effortlessly modern.

Whether it is a slow Sunday morning, an evening spent unwinding, or simply coming home after a long day, Gulab Gulzar brings a little everyday beauty to your space.

A bed dressed in roses. A room filled with warmth. A little gulzar of your own. 🌹



Why You'll Love It:
🌹 Elegant rose floral design – Delicate pink roses add a graceful romantic touch.
🤍 Soft ivory base – Keeps the bedroom feeling bright, calm and sophisticated.
🌿 Fine stripe detailing – Adds subtle texture and visual depth to the background.
🛏️ Coordinated pillow covers – Plain ivory pillows complement the floral print without making the bed look busy.
🌸 Timeless floral appeal – A design that works across classic, contemporary and modern bedrooms.
✨ Easy to style – Looks beautiful with wooden furniture, neutral décor, pink accents and natural textures.


- What is the Gulab Gulzar bedsheet set?
The Gulab Gulzar bedsheet set is an elegant ivory floral bedsheet featuring repeating pink rose bouquets with green leaves and subtle fine stripes, paired with two coordinating ivory pillow covers.

- What colour is the Gulab Gulzar bedsheet?
The bedsheet has an ivory/cream base with pink and rose-coloured flowers and green leaves.

- What pattern does the Gulab Gulzar bedsheet have?
It features a repeating pink rose floral pattern over a subtle fine-striped ivory background.

- What style of bedroom suits this bedsheet?
The Gulab Gulzar bedsheet works particularly well with romantic, contemporary, classic, minimalist and botanical bedroom interiors.","2",true,"","Panipat_132103_0180d",630419,"","",,"Romantic, Contemporary, Floral","Ivory with Pink Rose",,"1 king size bedsheet + 2 pillow covers",,"Pink Rose Floral Pattern",,,,"100% Pure Cotton",,,,,,,,,,,,,,,,,,,,,,,,,"Elegant Botanical",,,,,,,
"SHAAM-BAGH-KD-KDB","","Shaam Bagh Floral Pure Cotton Bedsheet Set - King Size","142BS",1949,2299,900,10,38,30,4,"1.2",5,"https://s3.ap-south-1.amazonaws.com/nushop-catalogue/68c015dd317e68f10e190e4c/cat_img/Shaam_Bagh_Floral_Pure_Cotton_Bedsheet_Set___King_Size_YRHA2BCUDQ_2026-08-30_1.png","https://s3.ap-south-1.amazonaws.com/nushop-catalogue/68c015dd317e68f10e190e4c/cat_img/Shaam_Bagh_Floral_Pure_Cotton_Bedsheet_Set___King_Size_NFLCUUFIGO_2026-08-30_2.png","https://s3.ap-south-1.amazonaws.com/nushop-catalogue/68c015dd317e68f10e190e4c/cat_img/Shaam_Bagh_Floral_Pure_Cotton_Bedsheet_Set___King_Size_9QFA7998IG_2026-08-30_3.png","https://s3.ap-south-1.amazonaws.com/nushop-catalogue/68c015dd317e68f10e190e4c/cat_img/Shaam_Bagh_Floral_Pure_Cotton_Bedsheet_Set___King_Size_LOR4THTSL8_2026-08-30_4.png","https://s3.ap-south-1.amazonaws.com/nushop-catalogue/68c015dd317e68f10e190e4c/cat_img/Shaam_Bagh_Floral_Pure_Cotton_Bedsheet_Set___King_Size_J0N4RL4XEO_2026-08-30_5.png","","","","","","","","home__home_furnishing__bed_linen","size","110*110 inches","White base","A garden at dusk, captured in soft blue.
Inspired by the tranquil beauty of a garden as evening settles in, Shaam Bagh Bedsheet set brings together delicate blue florals, pine-inspired foliage and intricate botanical detailing on a serene ivory canvas.
The interplay of cool blue tones with subtle earthy accents gives the design a beautifully balanced character - refreshing yet restful, detailed yet understated. A thoughtfully illustrated border adds definition to the bedsheet, while the coordinating pillow covers carry the botanical story through the entire setting.
There is something wonderfully unhurried about Shaam Bagh. It brings to mind the stillness of an Indian garden in the evening — the fading light, cool breeze and the quiet beauty of flowers against the landscape.
Designed for bedrooms that favour calm colours, natural inspiration and timeless Indian charm, Shaam Bagh makes everyday bedding feel considered and special.
A little piece of the evening garden, made for your Aaram.

Why You'll Love It:
🌿 Nature-inspired design — Pine-like foliage and delicate floral motifs create an elegant botanical story.
💙 Serene blue florals — Soft blue accents bring a calm, refreshing character to the bedroom.
🤍 Elegant ivory base — Keeps the overall look light, airy and sophisticated.
🌸 Detailed botanical artwork — Intricate motifs add visual interest without feeling overwhelming.
✨ Beautiful border detailing — Frames the bedsheet and gives the design a finished look.
🏡 Versatile aesthetic — Works beautifully with neutral, wooden, white, beige and contemporary interiors.
🎁 Easy to gift — A timeless choice for housewarmings, festive gifting and bedroom refreshes.


- What is the Shaam Bagh bedsheet?
Shaam Bagh is a botanical-inspired printed bedsheet featuring delicate blue flowers and pine-inspired foliage on a serene ivory base.

- What colours are featured in Shaam Bagh?
Shaam Bagh features an ivory-white base with blue floral detailing and subtle muted botanical and earthy tones.

- What type of bedroom does Shaam Bagh suit?
Shaam Bagh works particularly well in calm, contemporary and Indian-inspired bedrooms, especially spaces featuring neutral, white, beige or wooden décor.

- Does Shaam Bagh work with neutral interiors?
Yes. The soft ivory base and muted blue botanical detailing complement neutral interiors beautifully.

- Is Shaam Bagh suitable for a double bed?
Yes, provided you select the appropriate double-bed size available on the product page.

- What makes Shaam Bagh different from a regular floral bedsheet?
Shaam Bagh combines delicate blue flowers with pine-inspired botanical motifs, giving the design a distinctive nature-inspired character.","2",true,"","Panipat_132103_0180d","","","",,"Indian Botanical",,"White Base with Earthy Tones","1 King Size Bedsheet + 2 Pillow Covers","100% Pure Cotton","Botanical Floral & Pine-Inspired",,,"Master Bedroom, Guest Bedroom, Everyday Use",,,,,,,,,,,,,"250TC",,,,,,,,,,,,,,,,,,,,
"AH-EARTH-GGNM-FRL-KDB-5PC","","Vintage Earth Gingham Checks & Frills Bedding Set - with 2 cushions","101BC",4499,5999,2650,7,61,40,12,"3.8",5,"https://s3.ap-south-1.amazonaws.com/nushop-catalogue/68c015dd317e68f10e190e4c/cat_img/Vintage_Earth_Gingham_Frill_Bedding_Set___with_2_cushions_PYFW8KXEZO_2026-07-30_1.png","https://s3.ap-south-1.amazonaws.com/nushop-catalogue/68c015dd317e68f10e190e4c/cat_img/Vintage_Earth_Gingham_Frill_Bedding_Set___with_2_cushions_CDSERC8KS0_2026-07-30_2.png","https://s3.ap-south-1.amazonaws.com/nushop-catalogue/68c015dd317e68f10e190e4c/cat_img/Vintage_Earth_Gingham_Frill_Bedding_Set___with_2_cushions_A06R4OHZKE_2026-07-30_3.png","https://s3.ap-south-1.amazonaws.com/nushop-catalogue/68c015dd317e68f10e190e4c/cat_img/Vintage_Earth_Gingham_Frill_Bedding_Set___with_2_cushions_S8YWLOTFBD_2026-07-30_4.png","https://s3.ap-south-1.amazonaws.com/nushop-catalogue/68c015dd317e68f10e190e4c/cat_img/S7bNIDTJc5OU_HG9YIVFJPT_2026-07-31_2.png","","","","","","","","home__home_furnishing__bed_linen","size","250 x 275 cms","Earth Brown","Some bedrooms instantly feel warm, welcoming, and lived in. The Vintage Earth Gingham Checks & Frills Bedding Set is designed to create exactly that feeling.
Inspired by classic countryside homes and timeless vintage interiors, its soft gingham pattern in earthy brown tones adds quiet elegance without overwhelming your space. The delicate frill borders lend a graceful, handcrafted touch, making the bed look beautifully styled with minimal effort.
Made from a premium cotton linen blend, the fabric is naturally breathable, soft against the skin, and comfortable through every season. Whether you're refreshing your master bedroom, styling a guest room, or creating a cozy weekend retreat, this bedding set brings effortless comfort and understated sophistication to your home.
Its neutral palette pairs beautifully with wood furniture, natural textures, and minimalist decor, making it a versatile addition to both contemporary and rustic interiors.

Why You'll Love It:
- Timeless gingham checks in warm earthy tones.
- Elegant frill detailing for a vintage-inspired look.
- Complements modern, farmhouse, and rustic interiors.
- Designed for everyday comfort and effortless style.
","2",true,"","Panipat_132103_0180d","","","",,"Vintage • Cottagecore • Farmhouse • Rustic Modern",,"Vintage Earth Brown & Ivory",,"Premium Cotton Blend","Classic Gingham Checks",,,,,,"250 x 275 cms",,,,,,,,,,,,,,,,,,,,,,,,,,,,,,
"TLS-BOHO-SUNFLOWER-CC-2PC","","Bohemian Tufted Cotton Cushion Covers (Pack of 2) – 16x16 Inches","101CC",649,1899,280,2,25,15,2,"0.6",5,"https://s3.ap-south-1.amazonaws.com/nushop-catalogue/68c015dd317e68f10e190e4c/cat_img/BcyNN9g5_S0MWOR63TG_2026-04-22_3.png","","","","","","","","","","","","","size","Sunflower","Sunflower","Add a bold, artistic touch to your space with our Bohemian Tufted Cushion Covers. 
Crafted from premium bleached cotton, these covers feature rich, textured tufted detailing that instantly draws attention to your decor.
The heavy-quality fabric feels durable yet soft, while the embossed tufted work, that is created using advanced imported machines adds depth and a handcrafted look.
Designed to stand out, these cushion covers bring warmth, character, and a bohemian vibe to your living room or bedroom.

Perfect for layering with solids or mixing with prints, they make styling your home effortless and expressive.

Details:-
Fabric: Pure Cotton
Work: Embossed Tufted Detailing
Size: 16 x 16 inches
Quantity: Set of 2 Cushion Covers
Feel: Thick, textured, and premium finish","6",true,"","Panipat_132103_0180d","","","",,"Textured Contemporary",,"Vibrant Multi-Colour Options",,"Pure Cotton","Bohemian Tufted  Textured Embossed Pattern",,,,,,,,,,,,,,,,,,,,,"16 x 16 inches",,,,,,,,,"Embossed Tufted Detailing","Pack of 2 Cushion Covers",,,,,
"WHITE_CUSHION","","Premium White Satin Stripes Cushion Set (Pack of 5) – 16x16 Inches","TLS-CSH-WHSTRP-5C-16",899,1499,410,13,38,38,4,"1.7",5,"https://s3.ap-south-1.amazonaws.com/nushop-catalogue/68c015dd317e68f10e190e4c/cat_img/l_Uf5vXM_HAXXBG3SDS_2026-04-13_1.jpg","https://s3.ap-south-1.amazonaws.com/nushop-catalogue/68c015dd317e68f10e190e4c/cat_img/l_Uf5vXM_JU2US8F97K_2026-04-13_2.jpg","https://s3.ap-south-1.amazonaws.com/nushop-catalogue/68c015dd317e68f10e190e4c/cat_img/l_Uf5vXM_8UWDQ4DGYH_2026-04-13_3.jpg","https://s3.ap-south-1.amazonaws.com/nushop-catalogue/68c015dd317e68f10e190e4c/cat_img/l_Uf5vXM_NWYAZO1AN1_2026-04-13_4.jpg","https://s3.ap-south-1.amazonaws.com/nushop-catalogue/68c015dd317e68f10e190e4c/cat_img/l_Uf5vXM_H6U4I63ONA_2026-04-13_5.jpg","https://s3.ap-south-1.amazonaws.com/nushop-catalogue/68c015dd317e68f10e190e4c/cat_img/l_Uf5vXM_JNTQ9D7EGW_2026-04-13_6.jpg","","","","","","","others_68c015dd317e68f10e190e4c__others__cushions","size","16x16 inches","Pearl White","Give your space a fresh, elegant update with this Premium White Satin Stripes Cushion Set. Made from soft satin stripe fabric, these cushions have a gentle sheen and a smooth feel that adds a refined touch to your sofa, bed, or favourite corner.
The classic white colour with subtle stripe detailing blends easily with both modern and traditional decor. Each cushion is filled for a soft, comfortable feel, and comes vacuum-packed so it fluffs up perfectly once opened.
Packed in an attractive bag, this set is easy to store and also makes a thoughtful gift for any home.","6",true,"","Panipat_132103_0180d",93041990,"","1",,,,,"Pack of 5 cushions",,,,,,,,,,,,,,,,,,,,,,,"16x16 inches",,,,,,,,,,,,,,,
"RIWAAYAT-TRAYSET-4PC-KE","","Riwaayat Wooden Serving Collection – Tray, Coasters & Napkin Stand Set","102KE",2799,3599,1410,9,38,27,7,"2.5",5,"https://s3.ap-south-1.amazonaws.com/nushop-catalogue/68c015dd317e68f10e190e4c/cat_img/Riwaayat_Wooden_Serving_Collection___Tray__Coasters___Napkin_Stand_Set_8HDNE5JEPW_2026-08-26_1.png","https://s3.ap-south-1.amazonaws.com/nushop-catalogue/68c015dd317e68f10e190e4c/cat_img/Riwaayat_Wooden_Serving_Collection___Tray__Coasters___Napkin_Stand_Set_B5JPEREMYM_2026-08-26_2.png","https://s3.ap-south-1.amazonaws.com/nushop-catalogue/68c015dd317e68f10e190e4c/cat_img/Riwaayat_Wooden_Serving_Collection___Tray__Coasters___Napkin_Stand_Set_AH7N03H2CE_2026-08-26_3.png","https://s3.ap-south-1.amazonaws.com/nushop-catalogue/68c015dd317e68f10e190e4c/cat_img/Riwaayat_Wooden_Serving_Collection___Tray__Coasters___Napkin_Stand_Set_0YMEP2YEI9_2026-08-26_4.png","https://s3.ap-south-1.amazonaws.com/nushop-catalogue/68c015dd317e68f10e190e4c/cat_img/Riwaayat_Wooden_Serving_Collection___Tray__Coasters___Napkin_Stand_Set_2TGIQERWKZ_2026-08-26_5.png","","","","","","","","","variant","PACK OF 4","IVORY","Bring the warmth of Indian heritage to your everyday gatherings with the Royal Heritage Wooden Serving Tray Set. Inspired by grand palaces, traditional architecture and beautifully adorned elephants, this set blends timeless Indian artistry with the natural charm of wood.
Imagine serving evening chai with warm snacks on the beautifully detailed trays, while matching coasters add an elegant touch to your coffee table. The coordinated napkin stand keeps plain white napkins neatly arranged and within easy reach.
Whether you're hosting guests, celebrating Diwali, enjoying a festive family gathering or simply adding character to your everyday dining space, this set turns an ordinary serving moment into something special.
The rich wooden finish, heritage-inspired illustrations and subtle gold detailing create a sophisticated Indian ethnic, festive and contemporary look that complements both traditional and modern interiors.

Reasons You'll Love It:
- Elegant Heritage Design – Beautiful Indian-inspired architectural and elephant motifs add timeless charm.
- Complete Entertaining Set – Designed to bring your serving trays, coasters and napkin presentation together.
- Perfect for Festive Hosting – Ideal for Diwali, festivals, family gatherings and celebrations.
- Everyday Versatility – Use it for serving tea, coffee, snacks, dry fruits and refreshments.
- Beautiful Table Styling – Adds warmth and personality to coffee tables, dining tables and side tables.
- Coordinated Look – Matching prints across the pieces create a polished, curated setup.
- Gift-Worthy Presentation – A thoughtful choice for housewarming, weddings, anniversaries and festive gifting.
- Indian-Inspired Aesthetic – A beautiful blend of traditional motifs and modern home décor styling.
- Easy to Style – Pairs beautifully with brass decor, ceramic serveware, candles, flowers and festive accents.



- What is included in this wooden serving set?
The set includes 2 wooden serving trays, 6 matching wooden coasters and 1 coordinated napkin/tissue holder, making it a complete tabletop serving and décor collection.

- What occasions is this set suitable for?
It is ideal for everyday serving, festive celebrations, Diwali, family gatherings, tea parties, housewarmings and gifting.

- What style is this tray set?
It features a traditional Indian heritage-inspired design with palace architecture, decorated elephants, cream-and-gold detailing and warm natural wood tones.

- What can I serve on the trays?
The trays are suitable for serving tea, coffee, snacks, dry fruits, sweets and refreshments.","1050",true,"","Panipat_132103_0180d","","","","Indian heritage-inspired architectural illustrations, palace motifs and decorated elephant artwork with delicate geometric gold detailing.","Indian Ethnic • Heritage • Festive • Traditional Contemporary",,"Natural Walnut Brown, Cream, Antique Gold, with accents of Red and Black","- 2 × Wooden Serving Trays – Large and medium/long serving trays, 6 × Matching Wooden Coasters, 1 × Wooden Napkin/Tissue Holder with Brass Accent (Total 9 pieces)",,,,," • Dining table decor • Festive entertaining • Diwali decor • Housewarming gifts • Wedding gifts , Tea & coffee serving • Snacks & dry fruits",,,,,,,,,,,,,,,,,,,,,,,,,,,,,,,,,
"YLW-DAISY-QDH-QDB","","Sunny Daisy Floral Reversible Quilted Dohar- with Wave Quilting Pattern","101QD",1349,2199,640,2,40,35,6,"1.4",5,"https://s3.ap-south-1.amazonaws.com/nushop-catalogue/68c015dd317e68f10e190e4c/cat_img/YZ8JKpoF_XBBUKU8PK5_2026-06-18_1.jpg","https://s3.ap-south-1.amazonaws.com/nushop-catalogue/68c015dd317e68f10e190e4c/cat_img/YZ8JKpoF_ZOIDZWKT63_2026-06-25_1.png","https://s3.ap-south-1.amazonaws.com/nushop-catalogue/68c015dd317e68f10e190e4c/cat_img/YZ8JKpoF_RI33JXFEIC_2026-06-18_2.jpg","https://s3.ap-south-1.amazonaws.com/nushop-catalogue/68c015dd317e68f10e190e4c/cat_img/Sunny_Daisy_Floral_Reversible_Quilted_Dohar__with_Wave_Quilting_Pattern_IOFYV9I5AY_2026-06-18_1.png","https://s3.ap-south-1.amazonaws.com/nushop-catalogue/68c015dd317e68f10e190e4c/cat_img/YZ8JKpoF_CBFL20N4TP_2026-06-18_3.jpg","https://s3.ap-south-1.amazonaws.com/nushop-catalogue/68c015dd317e68f10e190e4c/cat_img/YZ8JKpoF_81V2HEH31C_2026-06-18_4.jpg","https://s3.ap-south-1.amazonaws.com/nushop-catalogue/68c015dd317e68f10e190e4c/cat_img/YZ8JKpoF_YOLZY2J5P7_2026-06-18_5.jpg","","","","","","home__home_furnishing__bed_linen","size","90 x 100 Inches","Butter Yellow","Bring a touch of sunshine and comfort to your bedroom with the Sunny Daisy Reversible Quilted Dohar. Designed for year-round comfort, this lightweight quilted dohar features a cheerful daisy floral print on a soft butter-yellow base, complemented by a soothing reverse side. The elegant quilting enhances durability while providing a cozy, breathable feel ideal for air-conditioned rooms, mild winters, and comfortable summer nights.
Crafted for everyday use, this reversible dohar lets you refresh your bedroom decor instantly by simply flipping it over. Its soft-touch fabric, lightweight construction, and charming floral design make it a perfect addition to modern Indian homes.

Highlights of Quilted Dohar:
- Reversible quilted dohar with two coordinated designs
- Lightweight and breathable for all-season comfort
- Soft floral daisy pattern for a fresh bedroom look
- Ideal for AC rooms, summer nights, and mild winters
- Durable quilted stitching for long-lasting use
- Easy to fold, store, and maintain","2",true,"","Panipat_132103_0180d","","","",,"Modern Floral • Cozy Contemporary • Reversible Comfort",,"Butter Yellow, Powder Blue, and Soft Green Accents","1  Double Bed Reversible Quilted Dohar",,"Daisy Floral Print with Wave Quilting Pattern",,,,,,,,,,,,,,,,,,,,,,,,,,,,,,,,,,,,
"TLS-BOHO-MULTIZIGZAG-CC-2PC","","Bohemian Tufted Cotton Cushion Covers (Pack of 2) – 16x16 Inches","105CC",699,1599,280,9,25,15,2,"0.6",5,"https://s3.ap-south-1.amazonaws.com/nushop-catalogue/68c015dd317e68f10e190e4c/cat_img/BcyNN9g5_C3VP839M08_2026-04-22_5.png","","","","","","","","","","","","","size","Multi Zig-zag","Multi Zig-zag","Add a bold, artistic touch to your space with our Bohemian Tufted Cushion Covers. 
Crafted from premium bleached cotton, these covers feature rich, textured tufted detailing that instantly draws attention to your decor.
The heavy-quality fabric feels durable yet soft, while the embossed tufted work, that is created using advanced imported machines adds depth and a handcrafted look.
Designed to stand out, these cushion covers bring warmth, character, and a bohemian vibe to your living room or bedroom.

Perfect for layering with solids or mixing with prints, they make styling your home effortless and expressive.

Details:-
Fabric: Pure Cotton
Work: Embossed Tufted Detailing
Size: 16 x 16 inches
Quantity: Set of 2 Cushion Covers
Feel: Thick, textured, and premium finish","6",true,"","Panipat_132103_0180d","","","",,"Textured Contemporary",,"Vibrant Multi-Colour Options",,"Pure Cotton","Bohemian Tufted  Textured Embossed Pattern",,,,,,,,,,,,,,,,,,,,,"16 x 16 inches",,,,,,,,,"Embossed Tufted Detailing","Pack of 2 Cushion Covers",,,,,
"GULABIKA-DINING-KE","","Gulabika French Knot Floral Pure Cotton Table Runner","103KE",1299,1699,650,10,30,28,2,"1.1",5,"https://s3.ap-south-1.amazonaws.com/nushop-catalogue/68c015dd317e68f10e190e4c/cat_img/Gulabika_French_Knot_Floral_Pure_Cotton_Table_Runner_37PJJB6KAA_2026-08-30_2.jpeg","https://s3.ap-south-1.amazonaws.com/nushop-catalogue/68c015dd317e68f10e190e4c/cat_img/Gulabika_French_Knot_Floral_Pure_Cotton_Table_Runner_7YFUPG7NEV_2026-08-30_4.jpeg","https://s3.ap-south-1.amazonaws.com/nushop-catalogue/68c015dd317e68f10e190e4c/cat_img/Gulabika_French_Knot_Floral_Pure_Cotton_Table_Runner_T4PEQLN9TM_2026-08-30_1.jpeg","https://s3.ap-south-1.amazonaws.com/nushop-catalogue/68c015dd317e68f10e190e4c/cat_img/Gulabika_French_Knot_Floral_Pure_Cotton_Table_Runner_K9FWGPA5KS_2026-08-30_3.jpeg","","","","","","","","","","size","Free Size","Ivory","Some flowers are meant for the garden. Gulabika brings them to the dining table. 🌸

Inspired by the quiet beauty of a blooming garden, Gulabika is crafted on a soft, natural cotton canvas in a gentle cream hue. Delicate floral motifs unfold across the runner, brought to life with intricate French knot embroidery in soft rose and earthy tones.
Spread across your dining table, the little blooms create a feeling of warmth—like sunlight filtering through a window on a slow, unhurried morning. The fine border adds a graceful finishing touch, while the understated colours let your dinnerware, flowers and food take centre stage.
Made from pure cotton, Gulabika is designed to become part of everyday moments: morning tea, family lunches, festive dinners and evenings spent around the table.
A little embroidery. A little colour. A table that feels like home.

Gulabika — where the beauty of flowers meets the warmth of home.

Reasons You'll Love It:
🌸 Delicate French Knot Work – Adds beautiful texture and handcrafted charm.
🤍 Elegant Cream Base – A versatile neutral that complements most dining spaces.
🌿 Graceful Floral Motifs – Subtle botanical detailing creates a refined look.
🧵 Pure Cotton – Natural cotton gives it a soft, timeless appeal.
🍽️ Beautiful Table Styling – Especially complements wooden dining tables and neutral dinnerware.
🏡 Timeless Design – A classic floral aesthetic that doesn't feel overly ornate.","2",true,"","Panipat_132103_0180d",630492,"","",,"Elegant • Minimalist • Traditional • Handcrafted",,"Cream / Ivory with Earthy Brown","1 Pure Cotton French Knot Work Table Runner",,"Floral Botanical – French Knot Embroidery",,,,,,,,,,,,,,,,,,,,,,,,,,,,,,,,,,,,
"AH-PURPLE-LEAF-CS-4PC","","Ash Purple Leaf Pure Cotton Comforter Bedding Set","102CS",5999,7999,2599,10,64,52,9,"4.8",18,"https://s3.ap-south-1.amazonaws.com/nushop-catalogue/68c015dd317e68f10e190e4c/cat_img/dzZCyGHY_66K9N63XHC_2026-07-16_1.png","https://s3.ap-south-1.amazonaws.com/nushop-catalogue/68c015dd317e68f10e190e4c/cat_img/dzZCyGHY_5NSNO9KJ8C_2026-07-16_2.png","https://s3.ap-south-1.amazonaws.com/nushop-catalogue/68c015dd317e68f10e190e4c/cat_img/dzZCyGHY_9TWY8CBNXV_2026-07-16_3.png","https://s3.ap-south-1.amazonaws.com/nushop-catalogue/68c015dd317e68f10e190e4c/cat_img/dzZCyGHY_W0LWEWDS77_2026-07-16_4.png","https://s3.ap-south-1.amazonaws.com/nushop-catalogue/68c015dd317e68f10e190e4c/cat_img/dzZCyGHY_GDN44UXTMS_2026-07-16_5.png","https://s3.ap-south-1.amazonaws.com/nushop-catalogue/68c015dd317e68f10e190e4c/cat_img/dzZCyGHY_ZLTH00VVV3_2026-07-16_6.png","https://s3.ap-south-1.amazonaws.com/nushop-catalogue/68c015dd317e68f10e190e4c/cat_img/dzZCyGHY_CFBAJVV5DM_2026-07-16_7.png","https://s3.ap-south-1.amazonaws.com/nushop-catalogue/68c015dd317e68f10e190e4c/cat_img/dzZCyGHY_U3Y47JTWU8_2026-07-16_8.png","","","","","home__home_furnishing__bed_linen","size","108 x 108 inches","","Some bedrooms instantly feel calmer the moment you walk in—and that's exactly what inspired the Lavender Whisper Bedding Set.

Designed with delicate botanical sprigs scattered across a soothing lavender-grey base, this bedding set brings the quiet beauty of nature into your home. Whether you're winding down after a long day or enjoying a slow weekend morning, its soft, breathable 100% pure cotton fabric keeps every season comfortable.
The reversible comforter gives you two elegant styling options in one, making it easy to refresh your bedroom whenever you like. Thoughtfully crafted for everyday luxury, this bedding set blends timeless minimalism with effortless comfort, creating a space you'll always look forward to coming home to.
Because true comfort isn't just about sleep—it's about how your home makes you feel.

Key Features:
✔️ Made from 100% Pure Cotton for natural softness and breathability
✔️ Includes a Double Bed Reversible Comforter
✔️ Elegant botanical leaf print for a timeless aesthetic
✔️ Lightweight yet cozy for year-round comfort
✔️ Premium quilting ensures even filling distribution
✔️ Fade-resistant colours for lasting beauty
✔️ Easy to wash and maintain

- What fabric is this bedding set made from?
This bedding set is made from 100% pure cotton, offering excellent breathability, softness, and everyday comfort.

- What is included in the package?
The set includes 1 double bedsheet, 2 large pillow covers, and 1 reversible pure cotton double bed comforter.

- Is the comforter reversible?
Yes. The comforter is fully reversible, allowing you to refresh the look of your bedroom with two styling options.

- Is it suitable for all seasons?
Yes. The breathable pure cotton fabric makes it comfortable for year-round use.

- What bedroom style does it complement?
Its soft lavender-grey shade and elegant botanical print pair beautifully with modern, minimalist, Scandinavian, and contemporary interiors.","2",true,"","Panipat_132103_0180d","","","","Minimal Botanical Leaf Print","Modern Minimalist, Scandinavian Inspired",,"Soft Ash Purple, White Botanical Print","1 Double Bed Pure Cotton Bedsheet, 2 Large Pure Cotton Pillow Covers, 1 Double Bed Pure Cotton Reversible Comforter","Pure Cotton- 400 TC",,,"India",,,,,,,,,,,,,,,,,,,,,,,,,,,,,,,,,,
"AH-TLS-BEIGE-LOTUS-EMB-QDB-7PC","","Beige Floral Lotus Embroidery Bedsheet Set - Pack of 7 pieces","AH-TLS-BEIGE-LOTUS-QDB-7PC",2399,3999,1100,13,45,42,9,"3.4",5,"https://s3.ap-south-1.amazonaws.com/nushop-catalogue/68c015dd317e68f10e190e4c/cat_img/Beige_Floral_Embroidery_Bedsheet_Set___Pack_of_7_pcs_51A3LG1IE5_2026-05-10_1.png","https://s3.ap-south-1.amazonaws.com/nushop-catalogue/68c015dd317e68f10e190e4c/cat_img/Beige_Floral_Embroidery_Bedsheet_Set___Pack_of_7_pcs_BHHLE01HVO_2026-05-10_2.png","https://s3.ap-south-1.amazonaws.com/nushop-catalogue/68c015dd317e68f10e190e4c/cat_img/Beige_Floral_Embroidery_Bedsheet_Set___Pack_of_7_pcs_BVQOS564I9_2026-05-10_3.png","https://s3.ap-south-1.amazonaws.com/nushop-catalogue/68c015dd317e68f10e190e4c/cat_img/Beige_Floral_Embroidery_Bedsheet_Set___Pack_of_7_pcs_RFK39Z75C5_2026-05-10_4.png","","","","","","","","","home__home_furnishing__bed_linen","size","90 x 100 Inches","","Transform your bedroom into a luxurious retreat with the Aaram Homes Beige Lotus Embroidery 7-Piece Bedding Set. Designed for modern aesthetic interiors, this elegant bedding set features delicate lotus floral embroidery in rich mocha brown tones on a soft warm beige base, creating a timeless and sophisticated look.
Its minimal yet graceful floral pattern blends perfectly with contemporary, modern, and neutral bedroom decor styles.
Crafted to elevate both comfort and style, this embroidered bedding set is ideal for everyday luxury living, festive bedroom makeovers, guest rooms, and gifting. The coordinated 7-piece set creates a complete designer bedding look while maintaining a clean, elegant aesthetic.

Package Includes:
- 1 Double Bedsheet
- 2 Pillow Covers
- 2 filled Bolster cushions
- 2 filled Cushions

Features:
- Elegant lotus floral embroidery
- Soft warm beige colour palette
- Premium diagonal quilted detailing
- Luxury modern aesthetic design

Perfect for minimal and contemporary bedrooms

Perfect for those who love elegant embroidered bedding, neutral home decor, luxury bedroom styling, and premium aesthetic interiors.","6",true,"","Panipat_132103_0180d","","","",,"Modern Minimal | Elegant Luxury | Contemporary Floral",,,"Package Includes 7 pieces: 1 Double Bedsheet, 2 Pillow Covers, 2 filled Bolster cushions & 2 filled Cushions","Cotton","Floral Embroidered Pattern with Minimal Detailing",,,,,"Warm Beige with Mocha Brown Embroidery",,,,,,,,,,,,,,,,,,,,,,,,,,,,,,,
"SKY-ROSE-QDH-QDB","","Sky of Roses Floral Quilted Dohar - Pastel Blue & Pink Rose","102QD",1299,2299,640,10,40,35,6,"1.8",5,"https://s3.ap-south-1.amazonaws.com/nushop-catalogue/68c015dd317e68f10e190e4c/cat_img/Sky_of_Roses_Floral_Quilted_Dohar___Pastel_Blue___Pink_Rose_R7JZJ76S97_2026-08-29_1.jpeg","https://s3.ap-south-1.amazonaws.com/nushop-catalogue/68c015dd317e68f10e190e4c/cat_img/Sky_of_Roses_Floral_Quilted_Dohar___Pastel_Blue___Pink_Rose_C4UI397ZEK_2026-08-29_2.jpeg","https://s3.ap-south-1.amazonaws.com/nushop-catalogue/68c015dd317e68f10e190e4c/cat_img/Sky_of_Roses_Floral_Quilted_Dohar___Pastel_Blue___Pink_Rose_TWRTWXQL9Y_2026-08-29_3.jpeg","https://s3.ap-south-1.amazonaws.com/nushop-catalogue/68c015dd317e68f10e190e4c/cat_img/Sky_of_Roses_Floral_Quilted_Dohar___Pastel_Blue___Pink_Rose_CFUT9Q1QOR_2026-08-29_4.jpeg","https://s3.ap-south-1.amazonaws.com/nushop-catalogue/68c015dd317e68f10e190e4c/cat_img/Sky_of_Roses_Floral_Quilted_Dohar___Pastel_Blue___Pink_Rose_8OTSPS7VL5_2026-08-29_5.jpeg","https://s3.ap-south-1.amazonaws.com/nushop-catalogue/68c015dd317e68f10e190e4c/cat_img/Sky_of_Roses_Floral_Quilted_Dohar___Pastel_Blue___Pink_Rose_0T2280L18R_2026-08-29_6.jpeg","","","","","","","","size","230 x 250 Cm","Sky Blue","A little sky, a garden of roses, and the comfort of coming home.

Let your bedroom bloom with the gentle beauty of Sky & Rose — a quilted dohar inspired by the softness of a clear morning sky and the timeless charm of roses in full bloom.
Set against a soothing sky-blue canvas, delicate roses and scattered floral sprigs unfold in shades of blush pink, coral, soft blue and muted sage green. The hand-painted-inspired florals give the design a relaxed, graceful character, bringing the feeling of a quiet garden indoors.
The thoughtfully quilted surface adds a beautiful layer of texture, making the dohar feel as inviting as it looks. A subtle pastel striped detail along the inner side complements the floral face, creating a lovely contrast when the dohar is folded back or casually draped across the bed.

Imagine a slow morning, sunlight filtering through the window, fresh sheets beneath you and this soft floral layer gathered around the bed. Sky & Rose is made for those little moments when your bedroom feels less like a room and more like your own peaceful retreat.
Whether you're refreshing your everyday bedding, styling a guest room or simply adding a touch of colour to a neutral space, its soft pastel palette and timeless floral character make it wonderfully easy to live with.

Fresh like the sky. Soft like a rose. Made for moments of Aaram.

Why You'll Love It:
- Dreamy sky-blue base creates a calm, refreshing look.
- Rose floral artwork adds a soft and elegant character.
- Quilted texture gives the dohar a cozy, premium appearance.
- Pastel colour palette pairs beautifully with white, beige and wooden interiors.
- Timeless floral styling works across modern, classic and cottage-inspired bedrooms.","2",true,"","Panipat_132103_0180d","","","",,"Romantic • Pastel • Floral • Contemporary",,"Sky Blue with Blush Pink, Coral, Sage Green",,"220gsm super soft cotton blend","Floral Rose & Botanical Print",,,,,,,,,,,,,,,,,,,,,,,,,,,,,,,,,,,,
"REVOLVER-SILVER-POLY-HD","","Vintage Ornate Revolver Decorative Showpiece – Antique Pistol Table Decor","101HD",1599,2299,420,10,22,10,8,"1.9",18,"https://s3.ap-south-1.amazonaws.com/nushop-catalogue/68c015dd317e68f10e190e4c/cat_img/Vintage_Ornate_Revolver_Decorative_Showpiece___Antique_Pistol_Table_Decor_03H86G5MR4_2026-08-29_1.png","https://s3.ap-south-1.amazonaws.com/nushop-catalogue/68c015dd317e68f10e190e4c/cat_img/Vintage_Ornate_Revolver_Decorative_Showpiece___Antique_Pistol_Table_Decor_CQFVIHHAO2_2026-08-29_2.png","https://s3.ap-south-1.amazonaws.com/nushop-catalogue/68c015dd317e68f10e190e4c/cat_img/Vintage_Ornate_Revolver_Decorative_Showpiece___Antique_Pistol_Table_Decor_7JJS5F99OB_2026-08-29_3.png","https://s3.ap-south-1.amazonaws.com/nushop-catalogue/68c015dd317e68f10e190e4c/cat_img/Vintage_Ornate_Revolver_Decorative_Showpiece___Antique_Pistol_Table_Decor_PYDVXYYZ7G_2026-08-29_4.png","https://s3.ap-south-1.amazonaws.com/nushop-catalogue/68c015dd317e68f10e190e4c/cat_img/Vintage_Ornate_Revolver_Decorative_Showpiece___Antique_Pistol_Table_Decor_HT5NSBYVX4_2026-08-29_5.png","https://s3.ap-south-1.amazonaws.com/nushop-catalogue/68c015dd317e68f10e190e4c/cat_img/Vintage_Ornate_Revolver_Decorative_Showpiece___Antique_Pistol_Table_Decor_21ZFBIJGST_2026-08-29_6.png","","","","","","","","variant","FREE SIZE","Antique Silver","A vintage-inspired ornate revolver decorative showpiece featuring intricate engraved detailing, an antique metallic finish, and a rich wooden-toned base. Designed as a distinctive accent piece for consoles, shelves, study tables, office décor, and heritage-inspired interiors.

Add a striking vintage character to your interiors with this ornate revolver decorative showpiece. Inspired by classic antique pistol forms, the piece features detailed engraved patterns, an aged metallic finish, a sculptural wooden-toned handle, and an elegant display base. Ideal for home decor, office decor, study rooms, bookshelves, console tables, living rooms, and vintage-themed interiors. Its handcrafted antique appearance makes it a distinctive decorative accent for collectors and lovers of heritage-inspired decor.


- What is this product?
It is a vintage-style ornate revolver decorative showpiece designed for display in homes, offices, studies, and heritage-inspired interiors.

- What colour is it?
The showpiece has an antique silver metallic body with dark brown and bronze-toned accents.

- What pattern does it have?
It features intricate engraved ornamental and heritage-inspired detailing across the decorative body.

- What style is it?
The design combines vintage, antique, traditional, and heritage decor styles.

- Where can it be displayed?
- It works well on a console table, bookshelf, study table, office desk, mantel, or display cabinet.","2",true,"","Panipat_132103_0180d",39269128,"","",,"Vintage, Antique, Heritage, Traditional",,,,,,,,,,,,,,"Polyresin",,,,,,,,,,"Intricate Engraved | Ornamental Heritage Pattern",,,,,,"Antique Silver",,,,,,,"Dark Brown, Bronze / Brass Accents","Antique / Aged Metallic Finish","Ornate Sculptural Pistol Design",,
"BLUE-PINKROSE-SPRING-KDB","","Spring Hues Blue Floral Bedsheet Set - with Coordinated Pink Pillow Covers","141BS",1249,1999,560,10,38,30,5,"1.2",3,"https://s3.ap-south-1.amazonaws.com/nushop-catalogue/68c015dd317e68f10e190e4c/cat_img/Spring_Hues_Blue_Floral_Bedsheet_Set___with_Coordinated_Pink_Pillow_Covers_BRGYCXGNGT_2026-08-29_1.png","https://s3.ap-south-1.amazonaws.com/nushop-catalogue/68c015dd317e68f10e190e4c/cat_img/Spring_Hues_Blue_Floral_Bedsheet_Set___with_Coordinated_Pink_Pillow_Covers_9QQMLO4XVQ_2026-08-29_2.png","https://s3.ap-south-1.amazonaws.com/nushop-catalogue/68c015dd317e68f10e190e4c/cat_img/Spring_Hues_Blue_Floral_Bedsheet_Set___with_Coordinated_Pink_Pillow_Covers_BGW7KTJOVE_2026-08-29_3.png","https://s3.ap-south-1.amazonaws.com/nushop-catalogue/68c015dd317e68f10e190e4c/cat_img/Spring_Hues_Blue_Floral_Bedsheet_Set___with_Coordinated_Pink_Pillow_Covers_8KDVSYJSFB_2026-08-29_4.png","","","","","","","","","","size","108 x 108 inches","Blue, Pink & Green","Bring a fresh and cheerful touch to your bedroom with the Spring Hues Bedsheet Set from Aaram Homes.
Featuring a beautiful blue floral print with delicate pink roses, small flowers and green leafy vines, this bedsheet creates a bright and refreshing bedroom look. The coordinated pink-and-white chevron pillow covers add a stylish contrast, bringing a contemporary touch to the floral design.
The combination of soothing blue, soft pink, fresh green and white makes Spring Hues an easy choice for creating a beautiful, inviting and modern bedroom.

Why You'll Love It:
- Fresh floral design – Beautiful roses, delicate flowers and leafy vines create a cheerful garden-inspired look.
- Bright blue base – The blue background gives your bedroom a fresh and airy appearance.
- Pretty pink contrast – Coordinated pink-and-white chevron pillow covers complement the floral print.
- Easy bedroom refresh – Instantly adds colour and personality to your bedroom.
- Versatile styling – Works beautifully with modern, contemporary and minimalist bedroom interiors.
- Beautiful colour combination – Blue, pink, green and white create a balanced and attractive look.



- What is the Spring Hues bedsheet set?
Spring Hues is a blue floral king size bedsheet set featuring pink roses, green leafy vines and coordinated pink-and-white chevron pillow covers.
- What colour is the Spring Hues bedsheet?
The bedsheet has a blue base with pink floral accents and green foliage, while the pillow covers feature pink and white.
- What pattern does the bedsheet have?
The bedsheet features an all-over floral rose-and-vine pattern. The matching pillow covers have a contrasting pink-and-white chevron pattern.
- What style is the Spring Hues bedsheet?
Spring Hues has a modern floral and contemporary style, making it suitable for modern, minimalist and elegant bedrooms.
- What colours go well with this bedsheet?
The blue, pink and green palette pairs well with white, beige, cream, light grey and natural wood tones.
","2",true,"","Panipat_132103_0180d","","","",,"Modern Floral",,"Blue, Pink & Green","1 king size bedsheet + 2 large pillow covers","200gsm cotton blend","Floral Rose & Vine Print with Chevron Pillow Covers",,,,,,,,,,,,,,,,,,,,,,,,,,,,,,,,,,,,
"PINK-AQUA-HB-KDB","","Pastel Pink & Aqua Handblock Print Pure cotton Bedsheet Eet","106BS",1349,2599,620,6,38,30,4,"1.2",5,"https://s3.ap-south-1.amazonaws.com/nushop-catalogue/68c015dd317e68f10e190e4c/cat_img/Pastel_Pink___Aqua_Handblock_Print_Pure_cotton_Bedsheet_Eet_26E1RLT0BJ_2026-06-17_1.png","https://s3.ap-south-1.amazonaws.com/nushop-catalogue/68c015dd317e68f10e190e4c/cat_img/Pastel_Pink___Aqua_Handblock_Print_Pure_cotton_Bedsheet_Eet_2EMY2HPH5L_2026-06-17_2.png","https://s3.ap-south-1.amazonaws.com/nushop-catalogue/68c015dd317e68f10e190e4c/cat_img/Pastel_Pink___Aqua_Handblock_Print_Pure_cotton_Bedsheet_Eet_9P1E05Q0IG_2026-06-17_3.png","https://s3.ap-south-1.amazonaws.com/nushop-catalogue/68c015dd317e68f10e190e4c/cat_img/Pastel_Pink___Aqua_Handblock_Print_Pure_cotton_Bedsheet_Eet_6IQNLOVRLU_2026-06-17_4.png","https://s3.ap-south-1.amazonaws.com/nushop-catalogue/68c015dd317e68f10e190e4c/cat_img/Pastel_Pink___Aqua_Handblock_Print_Pure_cotton_Bedsheet_Eet_J9WND4RDV8_2026-06-17_5.png","https://s3.ap-south-1.amazonaws.com/nushop-catalogue/68c015dd317e68f10e190e4c/cat_img/Pastel_Pink___Aqua_Handblock_Print_Pure_cotton_Bedsheet_Eet_PIWOIFEG2U_2026-06-17_6.png","","","","","","","home__home_furnishing__bed_linen","size","100 x 108 Inches","Pastel Pink & Aqua","Bring the charm of a blooming garden into your bedroom with our Blossom Meadow Pure Cotton Block Print Bedsheet Set.
Inspired by traditional hand block-print motifs and delicate floral meadows, this bedsheet blends soothing pastel pinks, soft greys, and refreshing aqua blues to create a calm and inviting sleep space. Crafted from pure cotton, it feels soft against the skin, stays breathable throughout the night, and becomes even more comfortable with every wash.
The elegant floral pattern paired with the subtle pink border adds a refined touch that complements both modern minimalist and classic interiors. 
Whether you're refreshing your master bedroom or styling a guest room, this bedding set instantly creates a cozy, welcoming atmosphere.

Designed for everyday comfort and timeless beauty, Blossom Meadow is made for slow mornings, peaceful nights, and homes that celebrate comfort.

Key Features
✔️ 100% Pure Cotton Fabric
✔️ Soft, Breathable & Skin-Friendly
✔️ Floral Block Print Design
✔️ Beautiful Coordinated Pillow Covers
✔️ Suitable for All Seasons
✔️ Durable Colorfast Printing
✔️ Easy to Wash & Maintain
✔️ Perfect for Modern and Traditional Bedrooms
✔️ Lightweight, Comfortable & Everyday Use Friendly","2",true,"","Panipat_132103_0180d","","","","Floral Botanical Block Print","Modern Indian | Cottagecore Inspired",,"Pastel Pink, Aqua Blue, Soft Grey & White","1 King Size Bedsheet +  2 Large Pillow Covers","100% Pure Cotton",,,"India",,,,,,,,,,,,,,,,,,,,,,,,,,,,,,,,,,
"IK-RYLBLUE-KDB","","Royal Blue Ikat Pure Cotton Bedsheet Set","141BS",1299,2999,630,8,38,30,4,"1.2",5,"https://s3.ap-south-1.amazonaws.com/nushop-catalogue/68c015dd317e68f10e190e4c/cat_img/ctoJgTRN_EAMVCJ9QY8_2026-03-14_3.JPEG","https://s3.ap-south-1.amazonaws.com/nushop-catalogue/68c015dd317e68f10e190e4c/cat_img/ctoJgTRN_212QF4ZVDN_2026-03-14_1.JPEG","https://s3.ap-south-1.amazonaws.com/nushop-catalogue/68c015dd317e68f10e190e4c/cat_img/ctoJgTRN_U8UI2K8ZN1_2026-03-14_2.JPEG","https://s3.ap-south-1.amazonaws.com/nushop-catalogue/68c015dd317e68f10e190e4c/cat_img/ctoJgTRN_F3E7A2DHFE_2026-03-14_4.JPEG","https://s3.ap-south-1.amazonaws.com/nushop-catalogue/68c015dd317e68f10e190e4c/cat_img/ctoJgTRN_KHW9QO8G6F_2026-03-14_5.JPEG","https://s3.ap-south-1.amazonaws.com/nushop-catalogue/68c015dd317e68f10e190e4c/cat_img/ctoJgTRN_DO1RUHW0KA_2026-03-14_6.JPEG","https://s3.ap-south-1.amazonaws.com/nushop-catalogue/68c015dd317e68f10e190e4c/cat_img/ctoJgTRN_RAIE50R7XE_2026-03-14_7.JPEG","","","","","","home__home_improvement__utility","size","100*108 inches","French Blue (Base), Mustard, and Ivory White (Accents)","Elevate your bedroom aesthetic with this ultra-soft, breathable bedsheet set from Aaram Homes. 
Featuring a stunning transitional Ikat-inspired mandala pattern, this set beautifully marries traditional motifs with a fresh, modern design. The soothing blue backdrop, perfectly accented with intricate mustard yellow and ivory detailing, brings a calming yet luxurious vibe to any contemporary bedroom. Crafted for both comfort and durability, this flat sheet drapes beautifully and is perfect for creating a relaxing, inviting sanctuary in your home. 
Set includes one king size bedsheet and two matching pillow covers.","6",true,"","Panipat_132103_0180d","","","",,"Ethnic, Contemporary Boho",,,,,"Ikat-Inspired Geometric Mandala",,,,,,,,"Aaram Homes",,,,"Built with high-quality, durable materials","India","One double bedsheet and 2 large pillow covers","Eco-friendly packaging",,,"French Blue (Base), Mustard, and Ivory White (Accents)",,,,,,,,,,,,,,,,,,
"ROSE-GGNM-FRL-KDB-5PC","","Rosewood Gingham Checks & Frills Bedding Set - with 2 Filled Cushions","ROSE-GGNM-FRL-KDB-5PC",4499,5999,2650,9,61,40,12,"4.5",5,"https://s3.ap-south-1.amazonaws.com/nushop-catalogue/68c015dd317e68f10e190e4c/cat_img/6nYRzR0H7414_KKLRIOEWVP_2026-08-21_1.png","https://s3.ap-south-1.amazonaws.com/nushop-catalogue/68c015dd317e68f10e190e4c/cat_img/6nYRzR0H7414_JEKEF0ID32_2026-08-21_1.png","https://s3.ap-south-1.amazonaws.com/nushop-catalogue/68c015dd317e68f10e190e4c/cat_img/Rosewood_Gingham_Checks___Frills_Bedding_Set___with_2_Filled_Cushions_A3SQ9UPYVM_2026-08-21_2.png","https://s3.ap-south-1.amazonaws.com/nushop-catalogue/68c015dd317e68f10e190e4c/cat_img/Rosewood_Gingham_Checks___Frills_Bedding_Set___with_2_Filled_Cushions_EDUURY4RY1_2026-08-21_3.png","https://s3.ap-south-1.amazonaws.com/nushop-catalogue/68c015dd317e68f10e190e4c/cat_img/Rosewood_Gingham_Checks___Frills_Bedding_Set___with_2_Filled_Cushions_6P1ADPZDZT_2026-08-21_4.png","","","","","","","","","size","250 x 275 cms","Rose Pink","Bring a charming cottage-inspired elegance to your bedroom with our Rosewood Gingham Ruffle Bedding Set
Designed with a timeless gingham check pattern in a soft rose-pink palette, this bedding set adds warmth, comfort, and effortless style to your space.

Crafted to create a cozy and inviting bedroom aesthetic, the set features delicate ruffle detailing that gives it a romantic, feminine touch while maintaining a relaxed, modern appeal. The matching cushion covers complete the look, creating a beautifully layered bed setup that feels luxurious yet homely.
Perfect for those who love soft textures, minimal patterns, and a calm, beautifully styled bedroom.

Reasons You’ll Love It:
- Timeless Gingham Pattern
- Soft & Cozy Feel
- Elegant Ruffle Detailing
- Warm & Romantic Aesthetic

A beautiful blend of comfort, style, and effortless elegance.
","2",true,"","Panipat_132103_0180d","","","","Gingham Checks","Cottagecore | Farmhouse Chic",,"Rose Pink & Ivory","1 Bedcover, 2 pillow covers and 2 filled cushions","Soft-touch cotton feel fabric",,,,,,,,,,,,,,,,,,,,,,,,,,,,,,,,,,,,"Machine wash on a gentle cycle using mild detergent | Do not bleach | Dry in shade for best results",
"OCEANBLUE-STRIPES-KDB","","Coastal Blue Stripes 300 TC Pure Cotton King Size Bedsheet Set","114BS",2499,3999,1200,3,38,30,5,"1.8",5,"https://s3.ap-south-1.amazonaws.com/nushop-catalogue/68c015dd317e68f10e190e4c/cat_img/M2_7yV2S_45HX0RMJK5_2026-07-17_1.png","https://s3.ap-south-1.amazonaws.com/nushop-catalogue/68c015dd317e68f10e190e4c/cat_img/M2_7yV2S_NDJ19LG3X6_2026-07-17_2.png","https://s3.ap-south-1.amazonaws.com/nushop-catalogue/68c015dd317e68f10e190e4c/cat_img/M2_7yV2S_0KCMYBVJ76_2026-07-17_3.png","https://s3.ap-south-1.amazonaws.com/nushop-catalogue/68c015dd317e68f10e190e4c/cat_img/M2_7yV2S_L8JO9LD0S8_2026-07-17_4.png","https://s3.ap-south-1.amazonaws.com/nushop-catalogue/68c015dd317e68f10e190e4c/cat_img/M2_7yV2S_LEN5ID1GWR_2026-07-17_5.png","https://s3.ap-south-1.amazonaws.com/nushop-catalogue/68c015dd317e68f10e190e4c/cat_img/M2_7yV2S_KC2PTTFW4D_2026-07-17_6.png","","","","","","","","size","108x108 inches","","There’s something comforting about slipping into a bed that feels fresh, soft, and inviting at the end of a long day. 
The Coastal Blue Stripes 300 TC Pure Cotton King Size Bedsheet Set is designed to bring that everyday comfort into your home.

With its calming blend of coastal blue, soft grey, taupe, and white stripes, this bedsheet adds a clean, modern touch to your bedroom without overpowering your decor. 
Made from 100% Pure Cotton with a premium 300 Thread Count, the fabric is naturally breathable, smooth, and gentle on the skin. It feels cool and comfortable through warm nights while offering the soft, luxurious feel you look forward to every evening. Thoughtfully crafted for everyday use, it combines lasting durability with the comfort of premium cotton, so your bed looks as beautiful as it feels.
Simple, elegant, and made for everyday living, the Coastal Blue Stripes Bedsheet Set is an effortless way to refresh your bedroom and create a space you'll love coming home to.

Reasons You'll Love It:
- 100% Pure Cotton Fabric
- 300 Thread Count Premium Weave
- Soft, Breathable & Skin-Friendly
- Fade-Resistant Colours
- Suitable for All Seasons

FAQs
What fabric is this bedsheet made of?
-  This bedsheet is made from premium 300 Thread Count cotton that feels soft, breathable, and comfortable for everyday use.

Is this bedsheet suitable for king size beds? 
- Yes. It is designed to fit standard king-size mattresses comfortably.

Is the fabric suitable for all seasons?
-  Yes. The breathable cotton weave keeps you cool during summer while remaining comfortable throughout the year.

Does the colour fade after washing?
-  The premium cotton fabric is designed to retain its colour and softness with proper care.

What comes inside the package?
-  The set includes one king-size 300 TC cotton bedsheet and two matching pillow covers.","1",true,"","Panipat_132103_0180d","","","",,"Modern Minimalist, Everyday Premium",,"Coastal Blue, Soft Grey, Taupe & White",,"300 TC Pure Cotton","Classic Vertical Stripes",,,,,,,,,,,,,,,,,,,,"1 King Size Pure Cotton Bedsheet (108 × 108 inches), 2 Matching Pillow Covers",,,,,,,,,,,,,,,,
"TLS-BB-BPS-QDB","","Blue Paisley Bedsheet Set with 2 cushions","TLS-BB-BPS-QDB",999,1999,350,10,62,34,6,"1.7",5,"https://s3.ap-south-1.amazonaws.com/nushop-catalogue/68c015dd317e68f10e190e4c/cat_img/m1vtJbTZ_0XSATRL5MH_2026-05-06_2.png","https://s3.ap-south-1.amazonaws.com/nushop-catalogue/68c015dd317e68f10e190e4c/cat_img/m1vtJbTZ_89IWXXXWCE_2026-05-06_1.png","https://s3.ap-south-1.amazonaws.com/nushop-catalogue/68c015dd317e68f10e190e4c/cat_img/m1vtJbTZ_Q15S523WGW_2026-05-06_1.png","https://s3.ap-south-1.amazonaws.com/nushop-catalogue/68c015dd317e68f10e190e4c/cat_img/m1vtJbTZ_CFC7AZ55J5_2026-05-06_3.png","","","","","","","","","home__home_improvement__utility","size","90 x 100 Inches","Blue With Golden & White Accents","Give your bedroom a fresh, soothing makeover with this beautiful Blue Paisley Bed Sheet Set. The fabric feels super soft and comfy, and the set comes with a matching bedsheet, pillow covers, and two cute quilted cushions.
The rich blue colour with golden and white paisley details adds just the right touch of elegance- just calm and classy. If you love cozy vibes and pretty designs, this set will instantly make your room feel more warm, stylish, and inviting.

	•	Product Description: A blue paisley bed sheet set made of premium, soft fabric.
	•	Set Contents: Includes a bedsheet, pillow covers, and quilted cushions with fillers.
	•	Design and Aesthetic: Features a rich blue hue with golden and white swirls, creating a sophisticated and calming aesthetic.","6",true,"","Panipat_132103_0180d","","","",,"Traditional/Elegant",,,,,"Paisley and Golden swirl",,,,,,"Bedsheet: 90 x 100 Inches
2 quilted pillow covers 18 x 28 inches
2 cushions with fillers 12 x 12 inches","Blue With Golden & White Accents","Aaram Homes","Cotton blend 180 GSM","Home","Premium Quality","Built with high-quality, durable materials","India","1 Double Bedsheet + 2 Pillow Covers + 2 cushions with fillers","Eco-friendly packaging",,,,,,,,,,,,,,,,,,,,,
"TLS-BOHO-YELLOWWHITE-CC-2PC","","Bohemian Tufted Cotton Cushion Covers (Pack of 2) – 16x16 Inches","102CC",649,1899,280,7,25,15,2,"0.6",5,"https://s3.ap-south-1.amazonaws.com/nushop-catalogue/68c015dd317e68f10e190e4c/cat_img/BcyNN9g5_46J1KV7YF0_2026-04-22_4.png","","","","","","","","","","","","","size","Yellow Zig zag","Yellow Zig zag","Add a bold, artistic touch to your space with our Bohemian Tufted Cushion Covers. 
Crafted from premium bleached cotton, these covers feature rich, textured tufted detailing that instantly draws attention to your decor.
The heavy-quality fabric feels durable yet soft, while the embossed tufted work, that is created using advanced imported machines adds depth and a handcrafted look.
Designed to stand out, these cushion covers bring warmth, character, and a bohemian vibe to your living room or bedroom.

Perfect for layering with solids or mixing with prints, they make styling your home effortless and expressive.

Details:-
Fabric: Heavy Bleached Pure Cotton
Work: Embossed Tufted Detailing
Size: 16 x 16 inches
Quantity: Set of 2 Cushion Covers
Feel: Thick, textured, and premium finish","6",true,"","Panipat_132103_0180d","","","",,"Textured Contemporary",,"Vibrant Multi-Colour Options",,"Heavy Bleached Pure Cotton","Bohemian Tufted  Textured Embossed Pattern",,,,,,,,,,,,,,,,,,,,,"16 x 16 inches",,,,,,,,,"Embossed Tufted Detailing","Pack of 2 Cushion Covers",,,,,
"TLS-BOHO-BLUEWHITE-CC-2PC","","Bohemian Tufted Cotton Cushion Covers (Pack of 2) – 16x16 Inches","103CC",649,1899,280,8,25,15,2,"0.6",5,"https://s3.ap-south-1.amazonaws.com/nushop-catalogue/68c015dd317e68f10e190e4c/cat_img/BcyNN9g5_JIVVU05OSY_2026-04-22_1.png","","","","","","","","","","","","home__home_furnishing__cushions_covers","size","16x16 Inches","Blue","Add a bold, artistic touch to your space with our Bohemian Tufted Cushion Covers. 
Crafted from premium bleached cotton, these covers feature rich, textured tufted detailing that instantly draws attention to your decor.
The heavy-quality fabric feels durable yet soft, while the embossed tufted work, that is created using advanced imported machines adds depth and a handcrafted look.
Designed to stand out, these cushion covers bring warmth, character, and a bohemian vibe to your living room or bedroom.

Perfect for layering with solids or mixing with prints, they make styling your home effortless and expressive.

Details:-
Fabric: Heavy Bleached Pure Cotton
Work: Embossed Tufted Detailing
Size: 16 x 16 inches
Quantity: Set of 2 Cushion Covers
Feel: Thick, textured, and premium finish","6",true,"","Panipat_132103_0180d","","","",,"Textured - Contemporary",,"Vibrant Multi-Colour Options",,"Pure Cotton","Bohemian Tufted  Textured Embossed Pattern",,,,,,,,,,,,,,,,,,,,,"16 x 16 inches",,,,,,,,,"Embossed Tufted Detailing","Pack of 2 Cushion Covers",,,,,
"TLS-BOHO-RAINBOW-CC-2PC","","Bohemian Tufted Cotton Cushion Covers (Pack of 2) – 16x16 Inches","104CC",649,1899,280,10,25,15,2,"0.6",5,"https://s3.ap-south-1.amazonaws.com/nushop-catalogue/68c015dd317e68f10e190e4c/cat_img/BcyNN9g5_CLSGQH9VS5_2026-04-22_2.png","","","","","","","","","","","","","size","Rainbow","Rainbow","Add a bold, artistic touch to your space with our Bohemian Tufted Cushion Covers. 
Crafted from premium bleached cotton, these covers feature rich, textured tufted detailing that instantly draws attention to your decor.
The heavy-quality fabric feels durable yet soft, while the embossed tufted work, that is created using advanced imported machines adds depth and a handcrafted look.
Designed to stand out, these cushion covers bring warmth, character, and a bohemian vibe to your living room or bedroom.

Perfect for layering with solids or mixing with prints, they make styling your home effortless and expressive.

Details:-
Fabric: Pure Cotton
Work: Embossed Tufted Detailing
Size: 16 x 16 inches
Quantity: Set of 2 Cushion Covers
Feel: Thick, textured, and premium finish","6",true,"","Panipat_132103_0180d","","","",,"Textured Contemporary",,"Vibrant Multi-Colour Options",,"Pure Cotton","Bohemian Tufted  Textured Embossed Pattern",,,,,,,,,,,,,,,,,,,,,"16 x 16 inches",,,,,,,,,"Embossed Tufted Detailing","Pack of 2 Cushion Covers",,,,,
"KD-RR-SOFTPNK-KDB","","Soft Pink Floral Cotton Bedsheet Set","147BS",1299,3199,600,8,38,30,4,"1.2",5,"https://s3.ap-south-1.amazonaws.com/nushop-catalogue/68c015dd317e68f10e190e4c/cat_img/1WNRKDME_ASSTXOXF03_2026-03-14_2.PNG","https://s3.ap-south-1.amazonaws.com/nushop-catalogue/68c015dd317e68f10e190e4c/cat_img/1WNRKDME_EMEU6QAL0T_2026-03-14_4.JPEG","https://s3.ap-south-1.amazonaws.com/nushop-catalogue/68c015dd317e68f10e190e4c/cat_img/1WNRKDME_6T4JBP6N8L_2026-03-14_1.JPEG","https://s3.ap-south-1.amazonaws.com/nushop-catalogue/68c015dd317e68f10e190e4c/cat_img/1WNRKDME_PF31F9XOJS_2026-03-14_3.JPEG","https://s3.ap-south-1.amazonaws.com/nushop-catalogue/68c015dd317e68f10e190e4c/cat_img/1WNRKDME_EBFCM6RU00_2026-03-14_5.JPEG","https://s3.ap-south-1.amazonaws.com/nushop-catalogue/68c015dd317e68f10e190e4c/cat_img/1WNRKDME_8SN3RJMKJR_2026-03-14_6.JPEG","","","","","","","home__home_improvement__utility","size","100*108 inches","Blush Pink with white & grey accents","This Soft Pink Floral Cotton Double Bedsheet Set is made from soft, breathable cotton that feels gentle on the skin and keeps you comfortable all year round. The elegant floral print in soothing pink tones adds freshness and warmth to your bedroom décor.
Designed for everyday comfort, the bedsheet offers a smooth finish, beautiful fall, and long-lasting colour. Ideal for modern Indian homes, this cotton bedsheet comes with matching pillow covers for a complete and coordinated look.
Perfect for daily use, gifting, or refreshing your bedroom effortlessly.","6",true,"","Panipat_132103_0180d","","","",,"Modern Floral",,,,,"Floral Print with Striped Border",,,,,,,,"Aaram Homes",,,,"Built with high-quality, durable materials","India","One double bedsheet and 2 large pillow covers","Eco-friendly packaging",,,"Blush Pink with white & grey accents",,,,,,,,,,,,,,,,,,
"KD-RJ-BLUELOTUS-KDB","","Serene Blue (Lotus) Pure Cotton King Size Bedsheet Set","144BS",1299,2499,600,6,38,30,4,"1.3",5,"https://s3.ap-south-1.amazonaws.com/nushop-catalogue/68c015dd317e68f10e190e4c/cat_img/ojmtmuZU_QVPU17K6GN_2026-04-22_1.jpg","https://s3.ap-south-1.amazonaws.com/nushop-catalogue/68c015dd317e68f10e190e4c/cat_img/ojmtmuZU_7O0VULLTHW_2026-04-22_2.PNG","https://s3.ap-south-1.amazonaws.com/nushop-catalogue/68c015dd317e68f10e190e4c/cat_img/ojmtmuZU_4TP2ZPKKY3_2025-10-04_2.png","https://s3.ap-south-1.amazonaws.com/nushop-catalogue/68c015dd317e68f10e190e4c/cat_img/ojmtmuZU_U00Z5TBPAL_2025-10-04_1.png","https://s3.ap-south-1.amazonaws.com/nushop-catalogue/68c015dd317e68f10e190e4c/cat_img/ojmtmuZU_F3PJOR1VAI_2025-10-04_3.png","","","","","","","","home__home_improvement__utility","size","100 x 108 Inches","Blue , Green & White","Crafted From Premium, Breathable Cotton, This Serene Blue Bedsheet Set Offers The Perfect Blend Of Comfort And Style.
 The Captivating Pattern Features Delicate Lotus Flowers In Shades Of Serene Blue And Cool Sage Green, Bringing A Touch Of Nature's Elegance Indoors.

Why You'll Love it:
-  Made From 100% Cotton
- Machine Washable And Fade-Resistant For Long-Lasting Beauty.
- Perfect For Adding A Touch Of Nature-Inspired Elegance To Your Home.","6",true,"","Panipat_132103_0180d","","","",,"Modern, Elegant, Nature-Inspired",,,,,"Floral / Botanical (Lotus)",,,,,,"Bedsheet: 100 x 108 Inches And 2 large pillow covers","Blue , Green & White","Aaram Homes","Pure Cotton","Home","Premium Quality","Built with high-quality, durable materials","India","1 Double Bedsheet + 2 Pillow Covers",,,,,,,,,,,,,,,,,,,,,,
"KD-MDB-RYPK-KDB","","Royal Peacock Floral Pure Cotton Super King size Bedsheet Set","MDB-RYPEACOCK-KDB",1499,3499,750,9,38,30,4,"1.2",5,"https://s3.ap-south-1.amazonaws.com/nushop-catalogue/68c015dd317e68f10e190e4c/cat_img/Dkg9BKxf_RTTAZDE27V_2026-03-14_2.PNG","https://s3.ap-south-1.amazonaws.com/nushop-catalogue/68c015dd317e68f10e190e4c/cat_img/Dkg9BKxf_VEMYYQ01W4_2026-03-14_4.JPEG","https://s3.ap-south-1.amazonaws.com/nushop-catalogue/68c015dd317e68f10e190e4c/cat_img/Dkg9BKxf_JO1HF509DI_2026-03-14_1.JPEG","https://s3.ap-south-1.amazonaws.com/nushop-catalogue/68c015dd317e68f10e190e4c/cat_img/Dkg9BKxf_MK8B94W50A_2026-03-14_3.JPEG","https://s3.ap-south-1.amazonaws.com/nushop-catalogue/68c015dd317e68f10e190e4c/cat_img/Dkg9BKxf_0925UA976O_2026-03-14_5.JPEG","https://s3.ap-south-1.amazonaws.com/nushop-catalogue/68c015dd317e68f10e190e4c/cat_img/Dkg9BKxf_080EWM7GAQ_2026-03-14_6.JPEG","https://s3.ap-south-1.amazonaws.com/nushop-catalogue/68c015dd317e68f10e190e4c/cat_img/Dkg9BKxf_PAUUCA4R2N_2026-03-14_7.JPEG","https://s3.ap-south-1.amazonaws.com/nushop-catalogue/68c015dd317e68f10e190e4c/cat_img/Dkg9BKxf_W7NIIYJIRP_2026-03-14_8.JPEG","https://s3.ap-south-1.amazonaws.com/nushop-catalogue/68c015dd317e68f10e190e4c/cat_img/Dkg9BKxf_OFGE1UZQW4_2026-03-14_9.JPEG","","","","home__home_improvement__utility","size","108*108 inches","White base with Blue & Olive Green motifs","Bring calm nature into your bedroom with our Royal Peacock Floral Printed Cotton Bedsheet Set. Designed with intricate peacock and floral motifs, this bedsheet blends traditional artistry with modern minimal aesthetics.
Crafted from soft, breathable pure cotton, it offers all-night comfort while enhancing your room decor with its soothing colour palette. The detailed border print and matching pillow covers add a refined finish to your bed.
Perfect for everyday use as well as festive home styling, this bedsheet set is ideal for those who love subtle luxury and elegant Indian prints.
Ideal for: Master bedrooms, guest rooms, gifting, and premium home styling.","6",true,"","Panipat_132103_0180d","","","",,"Classic Indian, Elegant & Minimal",,,,,"Peacock Motif
Floral Handblock-Inspired Print
Decorative Border Print",,,,,,,,"Aaram Homes",,,,"Built with high-quality, durable materials","India","One double bedsheet and 2 large pillow covers","Eco-friendly packaging",,,"White base with Blue & Olive Green motifs",,,,,,,,,,,,,,,,,,
"KD-RR-BLELE-KDB","","Blue Elephant Tree of Life Cotton Bedsheet Set – Handcrafted Indian Art Print","110BS",1499,3499,750,10,38,30,4,"1.2",5,"https://s3.ap-south-1.amazonaws.com/nushop-catalogue/68c015dd317e68f10e190e4c/cat_img/UoAwpBuX_566EWF02N4_2026-03-14_1.png","https://s3.ap-south-1.amazonaws.com/nushop-catalogue/68c015dd317e68f10e190e4c/cat_img/UoAwpBuX_8IHRRHKUJA_2026-03-14_3.png","https://s3.ap-south-1.amazonaws.com/nushop-catalogue/68c015dd317e68f10e190e4c/cat_img/UoAwpBuX_7R273FU3JS_2026-03-14_1.png","https://s3.ap-south-1.amazonaws.com/nushop-catalogue/68c015dd317e68f10e190e4c/cat_img/UoAwpBuX_WU5OJ5XEEA_2026-03-14_2.png","https://s3.ap-south-1.amazonaws.com/nushop-catalogue/68c015dd317e68f10e190e4c/cat_img/UoAwpBuX_SH4MZ9Z0JV_2026-03-14_2.png","https://s3.ap-south-1.amazonaws.com/nushop-catalogue/68c015dd317e68f10e190e4c/cat_img/UoAwpBuX_YZ8HZO2SDF_2026-03-14_4.png","","","","","","","home__home_improvement__utility","size","108*108 inches","Blue, Teal & White","Bring timeless Indian artistry into your bedroom with this Blue Elephant Tree of Life Cotton Bedsheet Set. Designed with a beautifully detailed Tree of Life motif and elegant elephant illustrations, this bedsheet blends heritage charm with modern aesthetics.
Crafted from soft, breathable cotton, the fabric feels gentle against the skin and offers all-night comfort. The calming palette of blue, white and teal creates a serene sleeping environment while adding a sophisticated touch to your décor.
Perfect for everyday luxury or festive home styling, this bedsheet set pairs effortlessly with modern and traditional interiors alike.
✔ Soft & skin-friendly cotton
✔ Fade-resistant colours
✔ Smooth finish with a premium feel
✔ Ideal for Indian homes & all seasons","6",true,"","Panipat_132103_0180d","","","",,"Indian Heritage Art",,,,,"Elephant & Tree of Life Motif",,,,,,,,"Aaram Homes",,,,"Built with high-quality, durable materials","India","One double bedsheet and 2 large pillow covers","Eco-friendly packaging",,,"Blue, Teal & White",,,,,,,,,,,,,,,,,,
"KD-RR-YLELE-KDB","","Yellow Elephant Tree of Life Cotton Bedsheet Set – Handcrafted Indian Art Print","108BS",1499,3499,750,6,38,30,4,"1.2",5,"https://s3.ap-south-1.amazonaws.com/nushop-catalogue/68c015dd317e68f10e190e4c/cat_img/GthoZE1u_MMDLSDYB81_2026-03-14_2.png","https://s3.ap-south-1.amazonaws.com/nushop-catalogue/68c015dd317e68f10e190e4c/cat_img/GthoZE1u_S2GW2TREH0_2026-03-14_5.png","https://s3.ap-south-1.amazonaws.com/nushop-catalogue/68c015dd317e68f10e190e4c/cat_img/GthoZE1u_87JH9VCGKU_2026-03-14_1.png","https://s3.ap-south-1.amazonaws.com/nushop-catalogue/68c015dd317e68f10e190e4c/cat_img/GthoZE1u_GQ9D4N1TRA_2026-03-14_3.png","https://s3.ap-south-1.amazonaws.com/nushop-catalogue/68c015dd317e68f10e190e4c/cat_img/GthoZE1u_OFG6XJLXGV_2026-03-14_4.png","https://s3.ap-south-1.amazonaws.com/nushop-catalogue/68c015dd317e68f10e190e4c/cat_img/GthoZE1u_H676SE8SAY_2026-03-14_6.png","","","","","","","home__home_improvement__utility","size","108*108 inches","Mustard Yellow & White","Bring home warmth, culture, and comfort with this beautifully crafted Tree of Life Elephant Print Cotton Bedsheet Set. Inspired by traditional Indian folk art, the design features an elegant elephant beneath a flourishing tree, symbolising prosperity, strength, and harmony.
Made from soft, breathable cotton, this bedsheet feels luxuriously smooth against the skin and is perfect for everyday use. The soothing white base with mustard yellow accents instantly brightens your bedroom while maintaining a calm, modern aesthetic. Natural daylight highlights the fine detailing and softness of the fabric, making it a perfect blend of style and comfort.
Ideal for modern Indian homes.","6",true,"","Panipat_132103_0180d","","","",,"Indian Heritage Art",,,,,"Tree of Life with Elephant Motif",,,,,,,,"Aaram Homes",,,,"Built with high-quality, durable materials","India","One double bedsheet and 2 large pillow covers","Eco-friendly packaging",,,"Mustard Yellow & White",,,,,,,,,,,,,,,,,,
"TLS-STRP-MGREY-DWB","","Cotton Stripes Diwan Bedsheet Set (5 cushion covers, 2 bolster covers & 1 Diwan Bedsheet)","102DS",690,1299,290,9,38,30,5,"1.3",5,"https://s3.ap-south-1.amazonaws.com/nushop-catalogue/68c015dd317e68f10e190e4c/cat_img/TLS_STRP_MG_DWB_1759703456184_p8cwo9cjx7n5per.jpg","https://s3.ap-south-1.amazonaws.com/nushop-catalogue/68c015dd317e68f10e190e4c/cat_img/A5FoXH6N_LAR9HATZ3M_2025-10-14_1.jpg","https://s3.ap-south-1.amazonaws.com/nushop-catalogue/68c015dd317e68f10e190e4c/cat_img/A5FoXH6N_E4O9B8KIZ7_2025-10-14_2.jpg","","","","","","","","","","home__home_improvement__utility","size","70"" x 100""","Midnight Grey","Give your living room a fresh and elegant makeover with this beautifully crafted Stripes Diwan Set. Made from a premium imported cotton-blend fabric, it’s soft, comfortable, and durable—perfect for everyday use and special occasions alike. The classic striped design blends effortlessly with any décor, adding a clean and stylish touch to your space.
Key Features:
- Soft and breathable imported cotton fabric
- Elegant stripes pattern that suits all home styles
- Designed to fit standard diwans perfectly","6",true,"","Panipat_132103_0180d","","","",,"modern, minimal style",,,,,"striped pattern",,,,,,"1 Diwan Bedsheet (Size: 70"" x 100""); 2 Bolster Covers; 5 Cushion Covers (16"" x 16"")","Midnight Grey","Aaram Homes","Imported cotton","Home","Premium Quality","Built with high-quality, durable materials","India","1 Diwan bedsheet + 5 cushion covers + 2 bolster covers","Eco-friendly packaging",,,,,,,,,,,,,,,,,,,,,
"BLU_GRN_STRIPES","","Blue Bay Stripes 300 TC Pure Cotton Bedsheet Set
","115BS",2499,3999,1200,8,38,30,5,"1.8",5,"https://s3.ap-south-1.amazonaws.com/nushop-catalogue/68c015dd317e68f10e190e4c/cat_img/v08sgh65_WPOCRAOT6W_2026-07-17_1.png","https://s3.ap-south-1.amazonaws.com/nushop-catalogue/68c015dd317e68f10e190e4c/cat_img/v08sgh65_NSOO14304V_2026-07-17_2.png","https://s3.ap-south-1.amazonaws.com/nushop-catalogue/68c015dd317e68f10e190e4c/cat_img/v08sgh65_0TD3VV0SFZ_2026-07-17_3.png","https://s3.ap-south-1.amazonaws.com/nushop-catalogue/68c015dd317e68f10e190e4c/cat_img/v08sgh65_1WOKRDNF91_2026-07-17_4.png","https://s3.ap-south-1.amazonaws.com/nushop-catalogue/68c015dd317e68f10e190e4c/cat_img/v08sgh65_1LO4YITEW9_2026-07-17_5.png","https://s3.ap-south-1.amazonaws.com/nushop-catalogue/68c015dd317e68f10e190e4c/cat_img/v08sgh65_Q3QSHF71DX_2026-07-17_6.png","","","","","","","","size","108x108 inches","","Transform your bedroom into a serene retreat with the Blue Bay Stripes Pure Cotton Bedsheet Set. Inspired by the calming shades of the ocean, this elegant striped design blends rich blue, cool green, and crisp white to create a timeless look that complements modern and minimalist interiors.
Crafted from 100% Pure Cotton, the fabric is exceptionally soft, breathable, and gentle on the skin, ensuring a cool and comfortable night's sleep throughout the year.
Reasons You'll Love It
100% Pure Cotton for natural softness and breathability.
Timeless Blue & Sage Stripe Design that suits both modern and classic bedrooms.
Soft, Smooth & Skin-Friendly fabric for everyday comfort.
Generous King Size Fit (108 × 108 inches) for a neat, elegant look.
Easy to Wash & Durable, maintaining its softness and colour wash after wash.","1",true,"","Panipat_132103_0180d","","","",,"Modern Minimalist, Everyday Premium",,"Blue & Green tones",,"300 TC Pure Cotton","Classic Vertical Stripes",,,,,,,,,,,,,,,,,,,,"1 King Size Pure Cotton Bedsheet (108 × 108 inches),     2 Matching Pillow Covers",,,,,,,,,,,,,,,,
"KD-MDB-WORLI-SK","","Blue Worli Print Pure Cotton - Super King Size Bedsheet Set","146BS",1599,2799,750,9,38,30,4,"1.2",5,"https://s3.ap-south-1.amazonaws.com/nushop-catalogue/68c015dd317e68f10e190e4c/cat_img/Madhubani_Print_Pure_Cotton_Bedsheet_with_2_Pillow_Covers_12RLWPCP5Q_2026-01-03_1.jpeg","https://s3.ap-south-1.amazonaws.com/nushop-catalogue/68c015dd317e68f10e190e4c/cat_img/Madhubani_Print_Pure_Cotton_Bedsheet_with_2_Pillow_Covers_PDTMX6C1H4_2026-01-03_2.jpeg","https://s3.ap-south-1.amazonaws.com/nushop-catalogue/68c015dd317e68f10e190e4c/cat_img/Madhubani_Print_Pure_Cotton_Bedsheet_with_2_Pillow_Covers_EDANEMB8JU_2026-01-03_3.jpeg","","","","","","","","https://s3.ap-south-1.amazonaws.com/nushop-catalogue/68c015dd317e68f10e190e4c/cat_vid/GXuzeRLK_2QIIS00ILL_2026-01-03_1.mp4","","home__home_furnishing__bed_linen","size","110*110 inches","Blue madhubani print on Soft White base","Bring timeless Indian artistry to your bedroom with our Madhubani print pure cotton bedsheet.
 Crafted from 100% breathable cotton, this bedsheet features a soothing ethnic village-inspired design that feels soft, skin-friendly, and perfect for everyday luxury. 
Ideal for Indian homes that value comfort with culture.

Set Includes:
1 Super King Size Bedsheet + 2 Matching Pillow Covers

Fabric:
100% Pure Cotton | Soft | Breathable | Easy Maintenance","6",true,"","Panipat_132103_0180d","","","",,,,,,"100% Pure Cotton",,,,,,,,,,,,,,,,,,,,,,,,,,,,,,,,,,,,,"110*110 inches"
"Pink_Stripes_Linen_Bedsheet","","Gulmohar Lane Linen Blend Bedsheet Set- with 2 Large Pillow covers","GLL_PINKLINEN_SKDB",2199,2999,950,10,38,30,4,"1.2",5,"https://s3.ap-south-1.amazonaws.com/nushop-catalogue/68c015dd317e68f10e190e4c/cat_img/h6fO07UCJSt6_ST04KQ3FHZ_2026-07-29_1.png","https://s3.ap-south-1.amazonaws.com/nushop-catalogue/68c015dd317e68f10e190e4c/cat_img/Gulmohar_Lane_Linen_Blend_Bedsheet_Set__with_2_Large_Pillow_covers_9JUBSA8Q90_2026-07-29_2.png","https://s3.ap-south-1.amazonaws.com/nushop-catalogue/68c015dd317e68f10e190e4c/cat_img/h6fO07UCJSt6_GI2UAEW5VW_2026-07-29_1.png","https://s3.ap-south-1.amazonaws.com/nushop-catalogue/68c015dd317e68f10e190e4c/cat_img/h6fO07UCJSt6_3WYO40R3L3_2026-07-29_2.png","https://s3.ap-south-1.amazonaws.com/nushop-catalogue/68c015dd317e68f10e190e4c/cat_img/Gulmohar_Lane_Linen_Blend_Bedsheet_Set__with_2_Large_Pillow_covers_RAULT0G7JL_2026-07-29_4.png","https://s3.ap-south-1.amazonaws.com/nushop-catalogue/68c015dd317e68f10e190e4c/cat_img/Gulmohar_Lane_Linen_Blend_Bedsheet_Set__with_2_Large_Pillow_covers_01QALC6H6O_2026-07-29_5.png","https://s3.ap-south-1.amazonaws.com/nushop-catalogue/68c015dd317e68f10e190e4c/cat_img/Gulmohar_Lane_Linen_Blend_Bedsheet_Set__with_2_Large_Pillow_covers_DUMT6801TB_2026-07-29_6.png","","","","","","","size","110*110 inches","Ivory White, Soft Blush Pink","Bring home the quiet charm of soft florals and timeless elegance with the Gulmohar Lane Linen Blend Bedsheet Set. Designed for homes that embrace comfort as much as style, this bedsheet features delicate blush floral sprigs set against a soothing ivory base, complemented by fine striped detailing that adds depth without overwhelming the space.
Woven from a premium cotton-linen blend, the fabric feels naturally breathable, lightweight, and gentle on the skin. Its subtle linen texture gives your bed a relaxed, lived-in elegance while remaining soft enough for everyday comfort. Whether you're starting your morning with a cup of coffee or winding down after a long day, this bedsheet creates a bedroom that feels calm, fresh, and inviting.
The versatile design blends beautifully with Scandinavian and contemporary interiors, making it an effortless addition to any home.
Durable, easy to care for, and thoughtfully crafted, it's a bedsheet you'll enjoy every single day.


Why You'll Love It:
- Premium Cotton Linen Blend
- Elegant Floral & Stripe Design
- Naturally Soft Texture - with a relaxed linen look that becomes even softer after every wash.
- Durable & Easy to Maintain

Perfect for Modern Minimalist Homes, creating a bright, airy, and luxurious bedroom aesthetic.","2",true,"","Panipat_132103_0180d","","","",,"Modern Minimalist • Soft Botanical",,"Ivory White, Soft Blush Pink","One King Size Bedsheet and 2 Large Pillow covers","Premium Cotton Linen","Floral & Stripes",,,,,,,,,,,,,,,,,,,,,,,,,,,,,,,,,,,,